"name","up.votes","date","n.comments"
"1-Hour Photo",45,2014-07-05,7
"LawTrades",25,2014-07-05,2
"Beak",21,2014-07-05,9
"Massage",26,2014-07-05,9
"ProductPush",17,2014-07-05,2
"mipad",7,2014-07-05,1
"tape.ly",9,2014-07-05,2
"Yeti",11,2014-07-05,8
"OurScreen",8,2014-07-05,1
"Sellsy",6,2014-07-05,2
"Sparta",62,2014-07-04,12
"Wallpaper by Behance",51,2014-07-04,8
"Your First Web App",37,2014-07-04,6
"Power 20",35,2014-07-04,8
"Hops",32,2014-07-04,8
"GetClouder",29,2014-07-04,4
"Teller",20,2014-07-04,5
"gun.io",23,2014-07-04,4
"PopJam",20,2014-07-04,4
"SentForMac",14,2014-07-04,2
"Cartegram",12,2014-07-04,2
"RightInbox",12,2014-07-04,5
"MapWithMe",10,2014-07-04,0
"Volt",11,2014-07-04,0
"Reelagram",10,2014-07-04,1
"Fuisz Media",9,2014-07-04,2
"Everest",5,2014-07-04,1
"Levitagram",8,2014-07-04,1
"Unmark for Chrome",6,2014-07-04,2
"Kiwi Juice",6,2014-07-04,2
"Projectify",6,2014-07-04,0
"Popexpert",4,2014-07-04,0
"Sunrise for Mac",175,2014-07-03,48
"JOBBOX",136,2014-07-03,16
"Snoopify World Cup Update",73,2014-07-03,19
"MediaREDEF",82,2014-07-03,8
"Find Guidelines",85,2014-07-03,10
"Receiptful",58,2014-07-03,15
"3nder",50,2014-07-03,18
"Equity Calculator",52,2014-07-03,12
"Brif",54,2014-07-03,13
"iLumi",45,2014-07-03,1
"Free Server",45,2014-07-03,11
"Kiss",35,2014-07-03,1
"Estately for iOS",39,2014-07-03,3
"Whatt",26,2014-07-03,7
"Show HN",23,2014-07-03,10
"UI.Colors",24,2014-07-03,1
"Facebook Mood Manipulator",25,2014-07-03,1
"Traity",21,2014-07-03,5
"Ikea PS 2014",19,2014-07-03,2
"Clickberry",18,2014-07-03,3
"Fieldbook",15,2014-07-03,0
"Namez",15,2014-07-03,6
"iA Writer 2.0",14,2014-07-03,6
"AdTapsy",17,2014-07-03,9
"Prelang",12,2014-07-03,2
"Cloudlytics",17,2014-07-03,1
"Nudgespot",11,2014-07-03,2
"Bitcalm",12,2014-07-03,4
"ReservationHop",7,2014-07-03,6
"Pixotale",11,2014-07-03,0
"Jump",10,2014-07-03,2
"Clover",8,2014-07-03,2
"Hem",6,2014-07-03,0
"GoCam!",11,2014-07-03,2
"Torii",10,2014-07-03,0
"Fast Fives",7,2014-07-03,2
"Karmagenes",7,2014-07-03,9
"Stitch Fix",6,2014-07-03,1
"Sponseasy",6,2014-07-03,2
"Sedition",4,2014-07-03,2
"PlanGrid",6,2014-07-03,1
"Fiestah",5,2014-07-03,3
"Civics",2,2014-07-03,1
"WriteRoom",3,2014-07-03,2
"Yo PRODUCT HUNTED",171,2014-07-02,26
"MailTrack",148,2014-07-02,42
"Inside 2.0",126,2014-07-02,35
"Flat Color Picker",106,2014-07-02,7
"Headspace 2.0",93,2014-07-02,13
"Flat Icons",91,2014-07-02,1
"Startup Documents",58,2014-07-02,9
"Vault by Coinbase",46,2014-07-02,2
"AbbeyPost",46,2014-07-02,8
"InVision LiveShare PS",63,2014-07-02,4
"Helium",35,2014-07-02,8
"Inoreader",36,2014-07-02,7
"PM Immersive",30,2014-07-02,17
"Bandwagon",28,2014-07-02,6
"Little Card Editor",24,2014-07-02,5
"Cloud",22,2014-07-02,6
"BrowserTap",22,2014-07-02,1
"Switch",17,2014-07-02,2
"Selfr",18,2014-07-02,6
"Drinkwel",19,2014-07-02,9
"ToneDen",16,2014-07-02,2
"Kudoso",21,2014-07-02,5
"Hipe",14,2014-07-02,2
"The Mu",14,2014-07-02,0
"fetching.io",12,2014-07-02,0
"SlideRider",12,2014-07-02,2
"Soundcleod",11,2014-07-02,1
"Interviewing.io",10,2014-07-02,1
"Dropzone 3",9,2014-07-02,1
"Pixelfold Feedback",10,2014-07-02,2
"Haste",10,2014-07-02,3
"Breakup Notifier",10,2014-07-02,5
"iCloak",10,2014-07-02,1
"Contest Domination",9,2014-07-02,3
"Remente",7,2014-07-02,1
"Handy ",4,2014-07-02,1
"REVISR",6,2014-07-02,0
"Tattle",5,2014-07-02,3
"MailDeck",5,2014-07-02,0
"Supernauts",4,2014-07-02,2
"Objective Logistics",3,2014-07-02,1
"ProducTind",192,2014-07-01,34
"KeywordTool.io",126,2014-07-01,19
"Yix",121,2014-07-01,28
"Picturelife 3.0",112,2014-07-01,32
"degreed",97,2014-07-01,5
"KingSumo Giveaways ",79,2014-07-01,17
"Unreplied",83,2014-07-01,32
"MTailor",66,2014-07-01,18
"Yep!",59,2014-07-01,13
"Repartee",52,2014-07-01,11
"Nomiku Sous Vide",87,2014-07-01,3
"SnapUp",39,2014-07-01,3
"StartupTabs",43,2014-07-01,8
"Levers",38,2014-07-01,6
"Future Me",33,2014-07-01,3
"South Park VR",28,2014-07-01,5
"Mockflow",23,2014-07-01,3
"Yo IFTTT Channel ",32,2014-07-01,4
"LEO",19,2014-07-01,4
"Kosmo",33,2014-07-01,8
"FilePreviews",17,2014-07-01,3
"Followerwonk",19,2014-07-01,1
"Sprig (Android)",17,2014-07-01,1
"Synek",15,2014-07-01,3
"Fitbit App (new release)",15,2014-07-01,1
"Tiii.me",16,2014-07-01,8
"Calloud",15,2014-07-01,6
"Ultimate Fan Live",14,2014-07-01,1
"Public Domain Archive",14,2014-07-01,0
"Tavern",10,2014-07-01,1
"Pinoccio",10,2014-07-01,3
"deploydo",9,2014-07-01,0
"Coming Out Simulator ",8,2014-07-01,2
"Emolytics",6,2014-07-01,0
"Emerald Cloud Laboratory",6,2014-07-01,0
"Submarine",6,2014-07-01,0
"PoachIt",3,2014-07-01,0
"Doco",5,2014-07-01,2
"Block Sender for Gmail",4,2014-07-01,0
"Relative Insight",2,2014-07-01,0
"PhoneCard",2,2014-07-01,0
"Meeet",228,2014-06-30,56
"Grasswire",214,2014-06-30,20
"Emojili",78,2014-06-30,24
"SquadUP Mobile",69,2014-06-30,7
"Leap.it",62,2014-06-30,11
"Copy Paste Character",58,2014-06-30,10
"Yo Hodor",48,2014-06-30,12
"Leevia",77,2014-06-30,4
"BillForward",42,2014-06-30,3
"Kato",37,2014-06-30,5
"JSFiddle",35,2014-06-30,1
"8fit",28,2014-06-30,8
"Solo",24,2014-06-30,10
"Knozen",16,2014-06-30,14
"Bombfell",14,2014-06-30,11
"CourseForward",14,2014-06-30,4
"Pusher",12,2014-06-30,2
"Workstack",13,2014-06-30,7
"LemonStand",13,2014-06-30,1
"Data by Brace",11,2014-06-30,4
"Guardian JS",12,2014-06-30,0
"Mail-Trail for Gmail",12,2014-06-30,3
"Vendorsi",18,2014-06-30,5
"Jagger Frames",10,2014-06-30,5
"Pretty Poli",9,2014-06-30,3
"Subledger",8,2014-06-30,0
"iPunch",7,2014-06-30,0
"Revive Old Post",6,2014-06-30,11
"World of Tanks Blitz",5,2014-06-30,3
"LiveStream 4 Google Glass",5,2014-06-30,1
"The Pizza Counter",4,2014-06-30,1
"Shoot!",5,2014-06-30,3
"Jokund",5,2014-06-30,4
"Pen Type-A",4,2014-06-30,2
"Bouncy Ninja",3,2014-06-30,1
"Happy Friends",3,2014-06-30,4
"Bookimbo",3,2014-06-30,1
"Viral Tag",3,2014-06-30,1
"Extole",3,2014-06-30,4
"Roletroll",3,2014-06-30,0
"ContactBox",3,2014-06-30,1
"Wish",3,2014-06-30,1
"StockUp",3,2014-06-30,1
"Tinker",91,2014-06-29,13
"MyPermissions",67,2014-06-29,13
"Osper",60,2014-06-29,12
"Able",26,2014-06-29,5
"API{Search}",36,2014-06-29,3
"VVVVVV",35,2014-06-29,5
"TapPainter",18,2014-06-29,3
"Exitround",19,2014-06-29,4
"Webydo",17,2014-06-29,0
"Currently",11,2014-06-29,5
"Passenger ",7,2014-06-29,2
"Mallzee",6,2014-06-29,0
"Forewards",5,2014-06-29,0
"Cedexis",4,2014-06-29,1
"Braintree",11,2014-06-29,0
"Yo server is down",92,2014-06-28,7
"TinyPNG",49,2014-06-28,4
"Subtitles",43,2014-06-28,5
"The Simpsons in CSS",37,2014-06-28,5
"Authorea",26,2014-06-28,4
"Blank Walls Are Criminal",25,2014-06-28,6
"Visual Website Optimizer",20,2014-06-28,2
"History of The World Cup",21,2014-06-28,3
"AirWare",17,2014-06-28,3
"XKCD Graphs",14,2014-06-28,5
"PheedLoop",11,2014-06-28,9
"Wisembly",9,2014-06-28,0
"LifeGuides",8,2014-06-28,2
"HTML 5 UP",173,2014-06-27,15
"Machete",133,2014-06-27,20
"Fly",70,2014-06-27,8
"Outdoors",57,2014-06-27,14
"LokLok",44,2014-06-27,18
"CANU",44,2014-06-27,14
"Very Goods",37,2014-06-27,12
"Minimal Wikipedia",33,2014-06-27,14
"Chiching",31,2014-06-27,8
"Talky",28,2014-06-27,12
"Instabridge",22,2014-06-27,2
"Mango",36,2014-06-27,5
"PocketScan",22,2014-06-27,2
"Cube",20,2014-06-27,2
"Nature Box",18,2014-06-27,9
"Codeable",17,2014-06-27,3
"Animoog",17,2014-06-27,3
"Spinlister",15,2014-06-27,0
"Referrral",16,2014-06-27,8
"AppsFlyer",16,2014-06-27,0
"Bitstamped",16,2014-06-27,3
"Jelly Note",13,2014-06-27,3
"Meh",12,2014-06-27,6
"CoinFeed",13,2014-06-27,5
"Gulp",11,2014-06-27,1
"Intuit PayByCoin",9,2014-06-27,0
"Berri",9,2014-06-27,5
"University Niche",8,2014-06-27,1
"Ajenti",8,2014-06-27,0
"Cloud to Butt Plus",7,2014-06-27,1
"Social Bro",7,2014-06-27,1
"My Repp",7,2014-06-27,4
"Cell Breaker",6,2014-06-27,2
"Stick in a Box",6,2014-06-27,4
"CreateTrips",5,2014-06-27,0
"Weft",4,2014-06-27,1
"Strida",4,2014-06-27,1
"Bower",4,2014-06-27,0
"SkyDrop",3,2014-06-27,0
"Opera Mini 8 (iOS)",3,2014-06-27,1
"NomadClip",3,2014-06-27,1
"SportLobster",2,2014-06-27,1
"Trapper Keeper iPad case",1,2014-06-27,1
"Scoutmob Weddings",1,2014-06-27,2
"SoundCloud iOS",137,2014-06-26,21
"Moment",114,2014-06-26,35
"Product Hunt Statistics",112,2014-06-26,23
"SHADOW (alpha)",32,2014-06-26,39
"Peeky",45,2014-06-26,12
"Hashtack",43,2014-06-26,17
"Crowdvitae",40,2014-06-26,3
"Moaxis",37,2014-06-26,15
"PitchXO",36,2014-06-26,12
"BeamIt (Cooliris)",30,2014-06-26,6
"SpareSquare",42,2014-06-26,12
"Movable Ink",43,2014-06-26,2
"LOCK8 smart bike lock",27,2014-06-26,5
"Capsule.fm",26,2014-06-26,2
"LOVEThESIGN",46,2014-06-26,3
"ProfileGurus",19,2014-06-26,13
"Exactly",19,2014-06-26,4
"Uber Wedding",14,2014-06-26,8
"Shutter",13,2014-06-26,4
"Blleep",12,2014-06-26,3
"Sample",11,2014-06-26,1
"Art Rank",11,2014-06-26,2
"Lucent",10,2014-06-26,3
"trending.fm",9,2014-06-26,2
"Android Auto",9,2014-06-26,1
"Infusionsoft",9,2014-06-26,0
"TimeCapsule",8,2014-06-26,4
"Stack (by HypeMachine)",8,2014-06-26,3
"Android L Preview",8,2014-06-26,0
"SplatterTec Shirt",8,2014-06-26,0
"MindRider",8,2014-06-26,0
"Loveseat",7,2014-06-26,2
"Plow Me",6,2014-06-26,3
"Range Oven Intelligence",6,2014-06-26,1
"Tipcast",6,2014-06-26,2
"Lumoplay",5,2014-06-26,1
"DV8 Golf Clubs",5,2014-06-26,1
"Brandseen",4,2014-06-26,2
"Marinara Timer",2,2014-06-26,0
"TextBelt",2,2014-06-26,1
"The PowerPot",1,2014-06-26,0
"PureChat",1,2014-06-26,3
"Pill-Fill",1,2014-06-26,1
"Caseboard",1,2014-06-26,2
"Product Hunt Alert",168,2014-06-25,26
"Front (now mobile)",169,2014-06-25,20
"Craft Coffee",145,2014-06-25,25
"TrapCrunch",123,2014-06-25,9
"NEED",75,2014-06-25,11
"Gmail API",64,2014-06-25,6
"GoodRx",48,2014-06-25,15
"Google Cardboard",44,2014-06-25,4
"GoSquared",39,2014-06-25,4
"Ordr.in",38,2014-06-25,4
"Novi Security",29,2014-06-25,6
"Forget Me",24,2014-06-25,2
"Android Wear",23,2014-06-25,2
"Google Material Design",22,2014-06-25,0
"CrushingCo.de",20,2014-06-25,2
"Owler Mobile",18,2014-06-25,10
"PowToon",43,2014-06-25,3
"TinyCarrier",17,2014-06-25,7
"Onarbor",15,2014-06-25,5
"RainLoop",15,2014-06-25,2
"Slyce",15,2014-06-25,0
"Recurly",12,2014-06-25,0
"Pact Coffee",12,2014-06-25,1
"Feedspot",11,2014-06-25,1
"Eyegroove",10,2014-06-25,4
"Victorious",9,2014-06-25,9
"FlashSticks",9,2014-06-25,4
"QABounty",9,2014-06-25,7
"Nutmeg",9,2014-06-25,5
"Google Drive for Work",8,2014-06-25,1
"Plansify",8,2014-06-25,1
"Bitium",8,2014-06-25,2
"Udacity (Android courses)",7,2014-06-25,0
"Powerbeats2",7,2014-06-25,2
"Picplace",7,2014-06-25,3
"X-Ray Search Engine",6,2014-06-25,4
"Remind",6,2014-06-25,1
"Ping MD",6,2014-06-25,0
"Grokky",6,2014-06-25,3
"Soundhawk Scoop",6,2014-06-25,1
"File Oven",5,2014-06-25,0
"Slottd",5,2014-06-25,3
"Washlify",5,2014-06-25,7
"FolioShack",4,2014-06-25,1
"Mango",3,2014-06-25,10
"Resurva",3,2014-06-25,0
"My Bellhop",3,2014-06-25,2
"Lattice ",3,2014-06-25,0
"searchcode",1,2014-06-25,0
"Works with Nest",146,2014-06-24,11
"Withings ActivitÃ©",143,2014-06-24,27
"Fatherly",124,2014-06-24,28
"Codeanywhere",113,2014-06-24,4
"Framer Studio",67,2014-06-24,3
"Checkr",65,2014-06-24,11
"Do Nothing For 2 Minutes",65,2014-06-24,5
"Made With Code",50,2014-06-24,27
"Move Loot (iOS app)",41,2014-06-24,12
"JSON to CSV ",40,2014-06-24,5
"Meow",31,2014-06-24,5
"Tulip Retail",30,2014-06-24,3
"daPulse",25,2014-06-24,1
"smallpdf",22,2014-06-24,0
"Underground Cellar",22,2014-06-24,4
"Mozilla WebIDE",23,2014-06-24,0
"Breathometer",22,2014-06-24,5
"Moom",19,2014-06-24,6
"Movies - Powered by Email",16,2014-06-24,14
"jrnl",15,2014-06-24,2
"Google Doodles",15,2014-06-24,1
"Panic Button",14,2014-06-24,3
"Cohort Visualizer",13,2014-06-24,2
"Toro Metrics",11,2014-06-24,7
"Good Notes",12,2014-06-24,3
"Facebook Graffiti",12,2014-06-24,6
"Black Tie Font",11,2014-06-24,0
"Youniverse",11,2014-06-24,5
"Guidecentral",10,2014-06-24,4
"Everything.me",8,2014-06-24,6
"Warby Parker Uncrate X1",8,2014-06-24,2
"Tower",25,2014-06-24,5
"BookMe",7,2014-06-24,5
"Wolfram Cloud",7,2014-06-24,1
"Endless TV",19,2014-06-24,1
"SigFig",6,2014-06-24,3
"Just Add Content",6,2014-06-24,3
"Heirlume",6,2014-06-24,5
"Stripe Alipay",5,2014-06-24,0
"How's Your Hair?",4,2014-06-24,1
"PostHang",4,2014-06-24,2
"Spoken Layer",4,2014-06-24,0
"Protect Their Memories",4,2014-06-24,2
"Floodwatch",3,2014-06-24,3
"Bitcoin Wallet API",3,2014-06-24,0
"Sabertron",2,2014-06-24,1
"Massage Track",2,2014-06-24,1
"Pikly",1,2014-06-24,1
"Craybook",3,2014-06-24,1
"Cruise",138,2014-06-23,14
"SideComments.js",127,2014-06-23,8
"Firehose Chat",100,2014-06-23,11
"CoContest",88,2014-06-23,8
"Google Domains",72,2014-06-23,6
"CodeBox",73,2014-06-23,4
"Chartio",53,2014-06-23,8
"Grovemade",46,2014-06-23,9
"LANDR",39,2014-06-23,15
"Rach.io",33,2014-06-23,6
"Whyd for iOS",32,2014-06-23,5
"Scoop",30,2014-06-23,7
"Breeze",22,2014-06-23,10
"RetentionTab",20,2014-06-23,11
"Divvy",16,2014-06-23,1
"XTRA.GA",16,2014-06-23,2
"Scratch It",14,2014-06-23,5
"200words",14,2014-06-23,7
"See Your Visitors",14,2014-06-23,5
"Kilo App",13,2014-06-23,8
"BetterTouchTool",13,2014-06-23,7
"Lending Club",12,2014-06-23,9
"Yahoo Aviate",11,2014-06-23,4
"Google Street Art Project",10,2014-06-23,1
"vybe",10,2014-06-23,7
"ahrefs",9,2014-06-23,2
"Brewdrop",9,2014-06-23,3
"Fenix Web Server",8,2014-06-23,0
"Martell TV",8,2014-06-23,4
"Tapatalk",8,2014-06-23,2
"SizeUp",7,2014-06-23,1
"ask-stack",7,2014-06-23,0
"Viscovery",6,2014-06-23,1
"Doddle",6,2014-06-23,2
"Lenka",4,2014-06-23,0
"Momunt",4,2014-06-23,0
"OpenPaths",4,2014-06-23,1
"ScanKart",4,2014-06-23,2
"AppInTop",4,2014-06-23,3
"POSpulse",3,2014-06-23,1
"Happy2Help",14,2014-06-23,4
"Channel Meter",1,2014-06-23,1
"PAWNGURU",1,2014-06-23,0
"Mowz",5,2014-06-23,9
"Sales Invaders",4,2014-06-23,2
"Caffeine ",127,2014-06-22,29
"Reframed",60,2014-06-22,14
"Smile Mom",34,2014-06-22,8
"Wink",31,2014-06-22,5
"Better Snap Tool",32,2014-06-22,8
"Play My Inbox",32,2014-06-22,10
"Flight",22,2014-06-22,2
"Product Punch",19,2014-06-22,10
"ScorIQ",17,2014-06-22,1
"Meme Generator",12,2014-06-22,1
"More Metrics",7,2014-06-22,1
"TechKeys",5,2014-06-22,3
"App Server",3,2014-06-22,0
"KABLAM",3,2014-06-22,1
"The Visor",3,2014-06-22,3
"Mergerize",107,2014-06-21,14
"SideProjectors",64,2014-06-21,7
"RunPee",56,2014-06-21,3
"Sprites",49,2014-06-21,7
"Yo Button",45,2014-06-21,11
"Canary",36,2014-06-21,14
"Flippa",29,2014-06-21,5
"Kanye-Fidence ",29,2014-06-21,8
"Sleep Talk Recorder",21,2014-06-21,3
"BitBooks",19,2014-06-21,2
"Spear",13,2014-06-21,6
"CARMAnation",11,2014-06-21,3
"Wave Invoice for iOS",10,2014-06-21,1
"Flyezee.com",9,2014-06-21,4
"Bandhub",7,2014-06-21,5
"Shortcut",7,2014-06-21,1
"Zzish",5,2014-06-21,2
"Spendy",4,2014-06-21,0
"Goal Zero",4,2014-06-21,0
"Path Talk",156,2014-06-20,64
"Wavestack",106,2014-06-20,7
"Greenhouse",81,2014-06-20,19
"Product Punt",97,2014-06-20,20
"Sndtst",41,2014-06-20,7
"Print.io",37,2014-06-20,5
"Flytenow",36,2014-06-20,7
"The Colour Clock",32,2014-06-20,7
"Throwdown",31,2014-06-20,8
"Wantering",26,2014-06-20,3
"Vocapp",20,2014-06-20,5
"Agent Ribbit",20,2014-06-20,10
"Oddysey",18,2014-06-20,4
"Pubble",17,2014-06-20,2
"LGBT News",15,2014-06-20,5
"Kindrid",15,2014-06-20,5
"Gone",14,2014-06-20,2
"FIFA Official App",31,2014-06-20,1
"Sansaire",11,2014-06-20,3
"Postable",10,2014-06-20,1
"Avuba",10,2014-06-20,0
"talkdesk",9,2014-06-20,1
"TouchOfModern",26,2014-06-20,3
"Mic",8,2014-06-20,2
"Folyo",7,2014-06-20,1
"Slight",7,2014-06-20,4
"DocSpera",7,2014-06-20,5
"Grailed",7,2014-06-20,3
"OverHeard",6,2014-06-20,0
"True Link",6,2014-06-20,1
"Five Degrees",4,2014-06-20,5
"Kick with Chrome",3,2014-06-20,1
"Fishing Booker",3,2014-06-20,1
"SnagaStool",3,2014-06-20,1
"Adonit Jot Touch",1,2014-06-20,1
"Swagger",25,2014-06-20,1
"Stylekick",162,2014-06-19,20
"Whiteboard",131,2014-06-19,27
"Whale Path",109,2014-06-19,15
"Sparks",101,2014-06-19,10
"Giphy Chrome Extension",74,2014-06-19,17
"Hacker Typer",73,2014-06-19,8
"SwiftIntro",71,2014-06-19,6
"Simplist",119,2014-06-19,11
"Bubble",52,2014-06-19,18
"Pyne",40,2014-06-19,4
"Canvas by CampaignMonitor",32,2014-06-19,1
"Betterific",22,2014-06-19,2
"Washboard",21,2014-06-19,34
"Polls.io",19,2014-06-19,4
"Web Starter Kit by Google",18,2014-06-19,1
"Castro",17,2014-06-19,9
"Switchboard",15,2014-06-19,2
"CSS Gradients",15,2014-06-19,6
"Fuse",12,2014-06-19,5
"MagiCam",12,2014-06-19,1
"LinkedIn Job Search",12,2014-06-19,4
"Instaradio",11,2014-06-19,8
"#YoShirt ",10,2014-06-19,3
"Nokia Z Launcher",9,2014-06-19,7
"Quickly",9,2014-06-19,3
"Gif.Cam",8,2014-06-19,1
"Passworks",76,2014-06-19,2
"ChargeAll",8,2014-06-19,1
"Meattext",8,2014-06-19,3
"Patch n Ride",7,2014-06-19,4
"Who's Your Daddy?",7,2014-06-19,4
"Cardinal",7,2014-06-19,2
"Hex Clock",6,2014-06-19,0
"Moment",6,2014-06-19,7
"oPhone + oNotes",6,2014-06-19,4
"Don't Tread On My Net",5,2014-06-19,1
"Retail in Real-Time",19,2014-06-19,4
"The Angular Escape Plan ",5,2014-06-19,1
"Vainglory",4,2014-06-19,7
"Double Vision",3,2014-06-19,0
"Food 52",2,2014-06-19,0
"Twitter GIFs",92,2014-06-18,18
"Hop",88,2014-06-18,25
"dadaviz",85,2014-06-18,11
"Hoods",70,2014-06-18,12
"GitBook",64,2014-06-18,19
"Fire Phone",48,2014-06-18,7
"Design for Hackers",41,2014-06-18,9
"Yo API",39,2014-06-18,9
"Wine Glass",39,2014-06-18,9
"Nightingale 2.0",37,2014-06-18,8
"Switchboard",29,2014-06-18,9
"Quantopian",29,2014-06-18,0
"GIF Cup",26,2014-06-18,5
"Jooicer",25,2014-06-18,9
"Dwolla Direct",17,2014-06-18,2
"PennyWhale",42,2014-06-18,3
"Eventjoy Organizer App",16,2014-06-18,5
"Hacker Body",16,2014-06-18,7
"iGrill",12,2014-06-18,3
"Carlypso",11,2014-06-18,6
"ArnoldC",11,2014-06-18,2
"OpenStreetMap",30,2014-06-18,0
"Racer ",11,2014-06-18,0
"Ginger Page",11,2014-06-18,4
"Hikable",9,2014-06-18,0
"Quixter",9,2014-06-18,4
"Fiiinta",26,2014-06-18,2
"Narrative Science",9,2014-06-18,4
"CA7CH Lightbox",9,2014-06-18,1
"Teleport",8,2014-06-18,0
"Headstart.io",8,2014-06-18,1
"Google for Entrepreneurs",7,2014-06-18,1
"Honbu",7,2014-06-18,1
"IDnow",7,2014-06-18,1
"Lettrs",7,2014-06-18,2
"t-Shirt OS",6,2014-06-18,2
"First Derm",5,2014-06-18,0
"VersionPress",5,2014-06-18,0
"Amazon Firefly SDK",4,2014-06-18,3
"Adobe Ink & Slide",4,2014-06-18,0
"Adobe Line",4,2014-06-18,0
"Mixely",4,2014-06-18,3
"Team Allocator",4,2014-06-18,2
"Rabbl",3,2014-06-18,2
"CreoPop",3,2014-06-18,0
"Area301",3,2014-06-18,0
"Podo",2,2014-06-18,2
"TakeOff App",1,2014-06-18,0
"Viago",2,2014-06-18,7
"Optimizely for iOS",112,2014-06-17,4
"BetaList",175,2014-06-17,10
"Slingshot",89,2014-06-17,33
"Spreadsheet Booster",68,2014-06-17,7
"Bannerman",56,2014-06-17,16
"Snapchat Our Story",36,2014-06-17,17
"Apps in Sunrise Calendar",46,2014-06-17,12
"Spire",43,2014-06-17,13
"Luxe Valet",42,2014-06-17,9
"PSTMRK",42,2014-06-17,13
"Beatwave",27,2014-06-17,5
"Spotify Web API",25,2014-06-17,2
"Zuli Smartplug",24,2014-06-17,1
"Cup Scout",23,2014-06-17,2
"Foursum",23,2014-06-17,10
"Rollcall",22,2014-06-17,10
"Marquee",20,2014-06-17,11
"Udacity Nanodegrees",19,2014-06-17,1
"Morph",17,2014-06-17,2
"Mode Analytics",15,2014-06-17,5
"SPOT Park",15,2014-06-17,16
"Allclasses",38,2014-06-17,3
"eBay Valet",13,2014-06-17,5
"Authority (2nd edition)",13,2014-06-17,6
"Dimple.io",13,2014-06-17,1
"Artoo",12,2014-06-17,4
"Glympse",10,2014-06-17,4
"Greenhouse",10,2014-06-17,1
"Capshare",9,2014-06-17,2
"SnapWidget",8,2014-06-17,0
"Stormtag",8,2014-06-17,2
"SpritePad",5,2014-06-17,0
"VidFall",5,2014-06-17,3
"Infinite Sunset",5,2014-06-17,1
"PotKnox",18,2014-06-17,4
"Phaser",5,2014-06-17,0
"LaMetric",4,2014-06-17,1
"Appetite+",16,2014-06-17,2
"Automatic 2.0",3,2014-06-17,2
"Komando",3,2014-06-17,2
"Product Hunt on Facebook",113,2014-06-16,7
"Postatic",90,2014-06-16,31
"Summer of Marketing",82,2014-06-16,9
"Robin",70,2014-06-16,30
"Ramen",44,2014-06-16,9
"Play It",40,2014-06-16,13
"AirDog",38,2014-06-16,5
"Homeless Fonts",34,2014-06-16,3
"Peeps",31,2014-06-16,11
"Tomo",28,2014-06-16,4
"Earin",22,2014-06-16,2
"IsoPlex",22,2014-06-16,5
"Gitter",21,2014-06-16,2
"Branding the USA",21,2014-06-16,2
"Dear Kate's Yoga Pants",18,2014-06-16,5
"AeroFS",18,2014-06-16,7
"Wyldfire",16,2014-06-16,5
"Chariot",11,2014-06-16,2
"Accompani",10,2014-06-16,5
"Feex",10,2014-06-16,3
"Closeup",9,2014-06-16,7
"Opencare",7,2014-06-16,4
"Coin Pocket",7,2014-06-16,4
"Subrosa",7,2014-06-16,0
"JetPack",6,2014-06-16,0
"LiquidOff",6,2014-06-16,1
"Upverter",6,2014-06-16,3
"Mod",6,2014-06-16,2
"iStick",6,2014-06-16,0
"Sidecar Shared Rides",5,2014-06-16,5
"Copines",5,2014-06-16,3
"Boutiny",5,2014-06-16,2
"IRIS Auto-pilot Drone",4,2014-06-16,1
"DocEngage",4,2014-06-16,0
"FlightFox",3,2014-06-16,3
"Patatap",3,2014-06-16,1
"Babiators",2,2014-06-16,0
"TimeStation",2,2014-06-16,3
"Pluggy Lock",2,2014-06-16,4
"Bloomberg Beta Manual",1,2014-06-16,0
"Parallels Access",1,2014-06-16,1
"10 Minute Mail",39,2014-06-15,3
"HEXO+",36,2014-06-15,2
"Koben",30,2014-06-15,6
"Nearbox",29,2014-06-15,10
"Halftime",28,2014-06-15,8
"iFind",27,2014-06-15,9
"The Mom Test",20,2014-06-15,1
"Settle",14,2014-06-15,5
"Swaag",11,2014-06-15,0
"KOR-FX ",9,2014-06-15,4
"Pitchswag",7,2014-06-15,9
"Wealthfront",67,2014-06-14,11
"Picfair",58,2014-06-14,9
"Splashbase",44,2014-06-14,2
"TravelbyDrone",23,2014-06-14,4
"Load Impact",21,2014-06-14,1
"SherpaShare",20,2014-06-14,8
"Rhymer's Block",20,2014-06-14,10
"Nvite",10,2014-06-14,1
"Memit",6,2014-06-14,1
"Unmetric",4,2014-06-14,0
"Fever",4,2014-06-14,0
"NeonFlames",3,2014-06-14,1
"Nos Pros",6,2014-06-14,1
"Hook - Product Hunt API",162,2014-06-13,27
"Kickdrop",56,2014-06-13,2
"Dayboard",45,2014-06-13,22
"namegrep",44,2014-06-13,7
"Codestarter",34,2014-06-13,2
"Pingboard",32,2014-06-13,10
"Ritual",26,2014-06-13,5
"Trov",22,2014-06-13,4
"Google World Cup trends",22,2014-06-13,0
"ReadQuick",21,2014-06-13,5
"Tile",19,2014-06-13,1
"Pikichat",75,2014-06-13,3
"Marketplace Hacks",13,2014-06-13,9
"BooksTo.Me",13,2014-06-13,2
"#WorldCup on Twitter",11,2014-06-13,3
"CapTable.IO",9,2014-06-13,0
"SickWeather",8,2014-06-13,1
"Mocksy",7,2014-06-13,0
"ServiceThis",13,2014-06-13,3
"All Seeing Eye",6,2014-06-13,1
"Mapillary",4,2014-06-13,0
"Mynt",3,2014-06-13,0
"OrÃ©e Pebble 2",3,2014-06-13,0
"Mentimeter",3,2014-06-13,0
"Vessyl",113,2014-06-12,19
"ClickHole by The Onion",95,2014-06-12,13
"The News (iOS)",93,2014-06-12,30
"Prime Music",89,2014-06-12,34
"The Rap Test",55,2014-06-12,17
"Captain Up",45,2014-06-12,11
"PixelBlock",71,2014-06-12,12
"Sweetch",37,2014-06-12,10
"Foap",34,2014-06-12,7
"Tackk",31,2014-06-12,0
"Laurel & Wolf",32,2014-06-12,3
"Saucey",16,2014-06-12,6
"Dewey",26,2014-06-12,10
"Reserve",17,2014-06-12,5
"Swarm",16,2014-06-12,4
"Relay Foods",16,2014-06-12,3
"Vayable",14,2014-06-12,4
"Trip4Real",14,2014-06-12,2
"CarHero",14,2014-06-12,6
"Modulus",13,2014-06-12,3
"Wager League",12,2014-06-12,2
"Guess the Nation",12,2014-06-12,1
"Depot",12,2014-06-12,2
"Sandglaz",21,2014-06-12,3
"Dollar Photo Club",9,2014-06-12,0
"TaskPaper",9,2014-06-12,2
"NeedleHunt",8,2014-06-12,3
"Juicy Canvas",15,2014-06-12,1
"Powermat",8,2014-06-12,4
"Build Abroad",8,2014-06-12,1
"Buy for life",7,2014-06-12,0
"Mark.My",7,2014-06-12,0
"OneFootball Brasil",7,2014-06-12,1
"Bitnet",7,2014-06-12,2
"TweetPing",6,2014-06-12,0
"Stik",6,2014-06-12,1
"Boards",6,2014-06-12,1
"VentureBeat Insight",6,2014-06-12,5
"Angry Birds EPIC",6,2014-06-12,0
"BombBomb",6,2014-06-12,3
"Matchfinder",5,2014-06-12,0
"Kadira",5,2014-06-12,1
"Pull My Picture",5,2014-06-12,2
"Recmember Me",5,2014-06-12,1
"Revisions (Mac)",3,2014-06-12,0
"aIRChat",3,2014-06-12,3
"The Discov3ry",3,2014-06-12,1
"Fight Me",2,2014-06-12,1
"LaTeX for Facebook",7,2014-06-12,0
"Openfolio",195,2014-06-11,27
"The Noun Project",131,2014-06-11,9
"Standard Analytics",101,2014-06-11,4
"Makr",62,2014-06-11,7
"BlockScore",43,2014-06-11,9
"Nova",36,2014-06-11,20
"Fitbay (iOS)",32,2014-06-11,4
"Helios",30,2014-06-11,6
"Barber",26,2014-06-11,10
"The Search",25,2014-06-11,2
"Stamp App ",20,2014-06-11,3
"LaunchBar 6",18,2014-06-11,8
"Golden Hour by Exposure",18,2014-06-11,1
"Shiner",18,2014-06-11,6
"Pints in the Sun",18,2014-06-11,6
"Firebug 2.0 (for Firefox)",17,2014-06-11,3
"Beautiful Game",16,2014-06-11,1
"MakeGamesWithUs Academy",14,2014-06-11,5
"sortd",13,2014-06-11,5
"Tagboard",10,2014-06-11,9
"TinderUs",9,2014-06-11,15
"Storj",8,2014-06-11,3
"Better",8,2014-06-11,10
"Titan Zeus",8,2014-06-11,2
"Skycatch",7,2014-06-11,1
"Remember",7,2014-06-11,7
"Circle",7,2014-06-11,2
"Tweetstorm.io",6,2014-06-11,2
"Stamplia",6,2014-06-11,0
"CookApp",5,2014-06-11,6
"Dark Chat",5,2014-06-11,2
"Everseat",5,2014-06-11,2
"Dinner Lab",5,2014-06-11,4
"Thinket",5,2014-06-11,1
"PicLink Camera",5,2014-06-11,2
"Marbel",4,2014-06-11,1
"RÃªve",4,2014-06-11,3
"Live stats",4,2014-06-11,1
"State",3,2014-06-11,3
"JS Analytics Blocker",3,2014-06-11,3
"Eco-friendly products",2,2014-06-11,0
"Slated",1,2014-06-11,2
"Zero to One",1,2014-06-11,5
"SocialSign.in",197,2014-06-10,18
"Landing Gear",114,2014-06-10,10
"Storyboard Fountain",81,2014-06-10,10
"Dash for Tumblr",76,2014-06-10,8
"Toastio",64,2014-06-10,15
"Bounce.js",62,2014-06-10,4
"Pathgather",57,2014-06-10,6
"Affirm",47,2014-06-10,2
"to.be Camera",46,2014-06-10,14
"Instapio",46,2014-06-10,3
"Niice Moodboards",37,2014-06-10,5
"Type Sample",29,2014-06-10,4
"Flaviar",27,2014-06-10,7
"Creative Tim",27,2014-06-10,2
"Five Labs",26,2014-06-10,8
"TaskUs",25,2014-06-10,1
"Grammar for Creators",21,2014-06-10,1
"NoTex",18,2014-06-10,2
"Weld",16,2014-06-10,1
"AppCam",13,2014-06-10,3
"SiestApp",13,2014-06-10,6
"Useful Science",12,2014-06-10,3
"The Pun Off",9,2014-06-10,1
"Find it",23,2014-06-10,3
"Honeywell Lyric",7,2014-06-10,2
"SecureDrop",7,2014-06-10,0
"Currency Cloud",6,2014-06-10,3
"Scoragora",2,2014-06-10,0
"World Around Me (WAM)",2,2014-06-10,3
"Kajabi",1,2014-06-10,0
"InstaNerd",162,2014-06-09,37
"Meeting Hero",150,2014-06-09,10
"Matter",87,2014-06-09,15
"PaperLater",74,2014-06-09,14
"Slingshot",65,2014-06-09,46
"Brewbot",64,2014-06-09,14
"RebelMouse",48,2014-06-09,11
"5iler",35,2014-06-09,14
"Monochrome",34,2014-06-09,3
"Kuhcoon",29,2014-06-09,2
"Todoist",47,2014-06-09,17
"Televisor",15,2014-06-09,3
"Dinner time",14,2014-06-09,3
"Coin Out",14,2014-06-09,7
"Secret Dens",14,2014-06-09,9
"Owletter",14,2014-06-09,4
"MeetEarnest",13,2014-06-09,2
"Cheers",12,2014-06-09,6
"Elto",10,2014-06-09,0
"Unread for iPad",10,2014-06-09,2
"Hiku",10,2014-06-09,5
"XHTMLized",9,2014-06-09,2
"LoopPay",9,2014-06-09,4
"Punchh",8,2014-06-09,0
"The Toilet Paper",7,2014-06-09,1
"Wedoist",6,2014-06-09,1
"Cropfection",11,2014-06-09,2
"TrackR bravo",5,2014-06-09,0
"Hotel Near Me",5,2014-06-09,0
"Weio",5,2014-06-09,1
"Transfix",4,2014-06-09,0
"SnapKnot",4,2014-06-09,0
"Triblio",4,2014-06-09,0
"Cliff Horse",4,2014-06-09,1
"loveflutter",3,2014-06-09,1
"Openbay",3,2014-06-09,1
"Card",117,2014-06-08,10
"Tattoo Hero",50,2014-06-08,8
"Little Pork Chop",51,2014-06-08,18
"Concert Window",46,2014-06-08,8
"Hullabalu",94,2014-06-08,3
"Nutmeg",28,2014-06-08,15
"Swift Weekly",20,2014-06-08,1
"Screenleap",14,2014-06-08,0
"Aptible",12,2014-06-08,0
"Dineserve",12,2014-06-08,7
"TurtleCell",10,2014-06-08,2
"miCoach Smart Soccer Ball",10,2014-06-08,6
"Cookbook Create",9,2014-06-08,0
"How are you?",9,2014-06-08,0
"Onstaged",9,2014-06-08,1
"AnyRoad",7,2014-06-08,1
"GifYogurt",5,2014-06-08,1
"Flash Me Find Me",4,2014-06-08,5
"Linkydink",66,2014-06-07,8
"Beyond Pricing",42,2014-06-07,7
"Ringo",19,2014-06-07,5
"Bonfire",18,2014-06-07,2
"Spor",16,2014-06-07,2
"RapChat",14,2014-06-07,4
"Plentific",12,2014-06-07,1
"Json resume",7,2014-06-07,1
"UsersThink",7,2014-06-07,2
"Calendaz",6,2014-06-07,1
"Networkr",4,2014-06-07,4
"Xpire ",2,2014-06-07,1
"Kidpost",96,2014-06-06,13
"Boatbound",78,2014-06-06,16
"FullContact API",54,2014-06-06,1
"Lima",54,2014-06-06,3
"Gmail Offline",52,2014-06-06,4
"Headspace",46,2014-06-06,4
"Vibe API",78,2014-06-06,22
"The Happy Crate",40,2014-06-06,25
"Ocean Cleanup",25,2014-06-06,3
"Graph Search",20,2014-06-06,2
"Dasher",19,2014-06-06,8
"Herenow",19,2014-06-06,8
"AirType",17,2014-06-06,4
"Pixel Winch",17,2014-06-06,1
"App in the Air",17,2014-06-06,1
"Go Native",16,2014-06-06,2
"Warranty Genius",14,2014-06-06,2
"Status Board",13,2014-06-06,4
"Fresh Nation",12,2014-06-06,3
"BitesizePR",10,2014-06-06,0
"iSeeCars",9,2014-06-06,0
"Tradewave",9,2014-06-06,3
"RecruitLoop",9,2014-06-06,3
"Torchpad",9,2014-06-06,2
"Early Adopter Network",25,2014-06-06,4
"Vango",8,2014-06-06,3
"NoWait",8,2014-06-06,0
"Background Burner",7,2014-06-06,2
"HARO",7,2014-06-06,8
"Gospel Pro",6,2014-06-06,2
"Birdbrain",6,2014-06-06,2
"Bored Button",5,2014-06-06,2
"Kidblog",5,2014-06-06,1
"Mo+",5,2014-06-06,2
"Murmur from Culture Amp",4,2014-06-06,0
"Have.Tips",9,2014-06-06,3
"Piggyback",4,2014-06-06,2
"peoplegraph",164,2014-06-05,25
"Hip Hop",88,2014-06-05,33
"HotSauce",66,2014-06-05,7
"StatHat",58,2014-06-05,17
"Aviato",55,2014-06-05,7
"Chapp",52,2014-06-05,15
"qunb",35,2014-06-05,1
"Tinder 4.0",31,2014-06-05,28
"Chatbooks",28,2014-06-05,6
"Flutter",24,2014-06-05,1
"Lynxsy",19,2014-06-05,5
"Tubelytics",19,2014-06-05,4
"Finch",19,2014-06-05,2
"hackster.io",18,2014-06-05,3
"Tinitell",17,2014-06-05,1
"MakersKit",17,2014-06-05,1
"Rival {Theory}",14,2014-06-05,0
"Swift Language",14,2014-06-05,4
"Academia.edu",14,2014-06-05,2
"ZenFriend",13,2014-06-05,6
"Artisan",13,2014-06-05,9
"Tweet Seeker",11,2014-06-05,4
"Night Zookeeper",10,2014-06-05,0
"Notice",10,2014-06-05,3
"Moodies",10,2014-06-05,2
"Chefs Feed",9,2014-06-05,1
"Square Invoices",9,2014-06-05,1
"BriteHub",9,2014-06-05,0
"deepfreeze.io",8,2014-06-05,4
"ScreenLab",8,2014-06-05,2
"Gifrocket",7,2014-06-05,3
"BTCJam",6,2014-06-05,4
"Micro Python",6,2014-06-05,0
"Mymo",5,2014-06-05,6
"Social Pins",4,2014-06-05,1
"Zeef",3,2014-06-05,1
"Faveeo",2,2014-06-05,0
"Styletag",2,2014-06-05,0
"Roost",138,2014-06-04,10
"HookFeed",135,2014-06-04,24
"The PM Interview",136,2014-06-04,18
"Gametime",116,2014-06-04,14
"Kudu",89,2014-06-04,15
"LearnSwift.tips",63,2014-06-04,6
"Connect6",51,2014-06-04,19
"tenXer",47,2014-06-04,2
"Zillabyte",40,2014-06-04,9
"Off Of",37,2014-06-04,3
"Preggie",33,2014-06-04,17
"Yevvo",30,2014-06-04,3
"Buhz ",28,2014-06-04,3
"mahabis",23,2014-06-04,5
"Time.is",19,2014-06-04,6
"Twenty20",19,2014-06-04,3
"Owl",17,2014-06-04,2
"DroneDeploy",17,2014-06-04,3
"Cortana",16,2014-06-04,3
"Dashcube",13,2014-06-04,2
"Yoobi",12,2014-06-04,3
"JyroBike",11,2014-06-04,4
"Looksery",10,2014-06-04,1
"Colfax Backpack",9,2014-06-04,1
"Milq",8,2014-06-04,2
"Babel",8,2014-06-04,1
"Launch Now",8,2014-06-04,1
"NYT Opinion",5,2014-06-04,1
"Raneto",4,2014-06-04,1
"Field Notes ",3,2014-06-04,0
"Timber Diameter",3,2014-06-04,2
"NED Phone Monster",3,2014-06-04,1
"LP Marketplace",2,2014-06-04,2
"Airgram",2,2014-06-04,0
"Joinin",2,2014-06-04,1
"Fiercely Curious ",1,2014-06-04,0
"Pulseway",1,2014-06-04,1
"Mascot Secret",1,2014-06-04,1
"Enquire ",127,2014-06-03,28
"Workable",72,2014-06-03,3
"Learn Swift",68,2014-06-03,8
"SuperCook",37,2014-06-03,9
"MozBar 3.0",35,2014-06-03,2
"Instagram 6.0",34,2014-06-03,6
"Smore",27,2014-06-03,3
"Spiral",25,2014-06-03,4
"Spare Chair",21,2014-06-03,10
"Audibly",20,2014-06-03,3
"Socratic",17,2014-06-03,3
"Swift Guides",15,2014-06-03,1
"A Light Year",14,2014-06-03,4
"CleverPet",14,2014-06-03,13
"Word Lens",13,2014-06-03,3
"Mitya",12,2014-06-03,3
"Fart Code",11,2014-06-03,5
"The Web in Real-Time",10,2014-06-03,1
"Fillerati",8,2014-06-03,2
"WeddingLovely",8,2014-06-03,5
"Flag",6,2014-06-03,2
"Livescore Champion",6,2014-06-03,2
"SeeMe iOS app",5,2014-06-03,3
"Moxie Showerhead ",5,2014-06-03,6
"iRule",4,2014-06-03,1
"Pippit",4,2014-06-03,0
"Boomerang Premium",3,2014-06-03,3
"Nitro & Turbo",3,2014-06-03,1
"Glance",3,2014-06-03,0
"Foko",3,2014-06-03,0
"Solidoodle",3,2014-06-03,0
"Mad Men of Mobile",2,2014-06-03,1
"BLACKapp",2,2014-06-03,1
"cloudXLS",2,2014-06-03,1
"GreenQloud",1,2014-06-03,0
"Postwire",1,2014-06-03,0
"GeriJoy",1,2014-06-03,1
"Vivastream",1,2014-06-03,0
"Swift",153,2014-06-02,21
"iOS 8",91,2014-06-02,14
"OS X Yosemite",64,2014-06-02,2
"Learn to Growth Hack",61,2014-06-02,7
"Curbside",60,2014-06-02,24
"Stitch",42,2014-06-02,7
"Medicast",39,2014-06-02,9
"Sales Beach",38,2014-06-02,5
"Prime 2.0",35,2014-06-02,10
"OrÃ©e",31,2014-06-02,4
"Gmail Meter",20,2014-06-02,3
"Cadence & Slang",17,2014-06-02,1
"Ginkgotree",17,2014-06-02,3
"Little Memory",15,2014-06-02,3
"Clippet",11,2014-06-02,4
"Caribu",11,2014-06-02,4
"Runnable",9,2014-06-02,0
"ShopDrop",9,2014-06-02,3
"SnapRays ",8,2014-06-02,1
"Liveguide",8,2014-06-02,0
"tipplr",7,2014-06-02,1
"Notism (video)",7,2014-06-02,0
"Gmail Grid View",6,2014-06-02,1
"AppearHere",6,2014-06-02,3
"SoftwareLeadWeekly",6,2014-06-02,1
"Lebron James App",4,2014-06-02,3
"CompStak",3,2014-06-02,0
"Yambla",2,2014-06-02,0
"Go Fucking Do It",91,2014-06-01,20
"Emberlight",51,2014-06-01,7
"Hole 19",45,2014-06-01,5
"eCool",23,2014-06-01,1
"Shaken Cocktails",21,2014-06-01,9
"Endless Domains",15,2014-06-01,1
"Nietzsche Circus",12,2014-06-01,2
"Cellar",7,2014-06-01,3
"Deconstructed",4,2014-06-01,1
"Verge Wallets",3,2014-06-01,0
"Easy Drone",3,2014-06-01,3
"Authy",66,2014-05-31,3
"FiveStar",30,2014-05-31,1
"PirateBox",29,2014-05-31,0
"immersion",21,2014-05-31,1
"what3words",13,2014-05-31,0
"Calq",7,2014-05-31,1
"Grid",7,2014-05-31,0
"Doodal",6,2014-05-31,2
"Grove",92,2014-05-30,9
"Ship and Dip",75,2014-05-30,14
"Blend",55,2014-05-30,14
"Brix",30,2014-05-30,7
"Adopt a Hydrant",29,2014-05-30,2
"Flytographer",22,2014-05-30,3
"Bevvy",20,2014-05-30,14
"Chore Monster",18,2014-05-30,2
"P.S. XO",16,2014-05-30,2
"Bricks",13,2014-05-30,2
"KakaoTalk for Mac",10,2014-05-30,2
"{S} Statamic",9,2014-05-30,4
"TTMM",8,2014-05-30,6
"MessageBus",8,2014-05-30,2
"Watchup",7,2014-05-30,0
"Video Quality Report",6,2014-05-30,1
"MBLOCK",5,2014-05-30,0
"FindMySong",4,2014-05-30,1
"Sunrise (web)",180,2014-05-29,23
"SHRTURL",111,2014-05-29,17
"Designer Chat",94,2014-05-29,19
"TwoDots",88,2014-05-29,17
"Planleaf",55,2014-05-29,6
"CODY",55,2014-05-29,5
"Group Tweet",41,2014-05-29,8
"Dash Hudson",36,2014-05-29,3
"Quip 2.0",35,2014-05-29,5
"Aether (Cone)",32,2014-05-29,7
"Wayfinder",32,2014-05-29,9
"Emoji Zone",29,2014-05-29,11
"Web Design Manual",27,2014-05-29,5
"Transform Your Ideas",21,2014-05-29,0
"Leeflets",18,2014-05-29,6
"CENTR",18,2014-05-29,1
"Beta by Crashlytics",13,2014-05-29,2
"Locqus",11,2014-05-29,3
"Rockbot",11,2014-05-29,2
"Team Gantt",10,2014-05-29,1
"Peak",9,2014-05-29,8
"Voice",9,2014-05-29,2
"24-Hour Bookclub",5,2014-05-29,0
"MindMeister",4,2014-05-29,1
"Agora",4,2014-05-29,0
"Wocket Smart Wallet",4,2014-05-29,1
"PixelDropr",4,2014-05-29,0
"Permission Faerie",4,2014-05-29,2
"Sparo",4,2014-05-29,0
"Mustbin",4,2014-05-29,0
"PixelSpace",3,2014-05-29,1
"Hitch",99,2014-05-28,7
"Fuffr",96,2014-05-28,17
"Shippo",92,2014-05-28,7
"Tropical",69,2014-05-28,6
"Shoot",46,2014-05-28,9
"Swipe XL",42,2014-05-28,10
"SimpleSend",39,2014-05-28,17
"duolist",32,2014-05-28,12
"#wwdcstudents",27,2014-05-28,3
"iOS Hat",26,2014-05-28,1
"Fonts In Use",21,2014-05-28,3
"Celery",20,2014-05-28,1
"SlideRule ",19,2014-05-28,4
"Grammarly",19,2014-05-28,6
"Popup Archive",18,2014-05-28,1
"Pocket Premium",15,2014-05-28,3
"Screenmailer",14,2014-05-28,3
"New Matter",11,2014-05-28,3
"Involvio",11,2014-05-28,1
"RideScout",9,2014-05-28,2
"Klutch",8,2014-05-28,4
"LEAP 2.0",7,2014-05-28,1
"AstroPrint",7,2014-05-28,4
"Vidrack",7,2014-05-28,2
"Experience",5,2014-05-28,0
"Reshare",4,2014-05-28,0
"writefully",3,2014-05-28,0
"Loggable",3,2014-05-28,0
"Wake Documents",2,2014-05-28,1
"Pie",145,2014-05-27,35
"Engineer Prints",118,2014-05-27,34
"Stache",82,2014-05-27,18
"bttn",80,2014-05-27,15
"Headlines",48,2014-05-27,14
"GAget",35,2014-05-27,10
"KangaDo",30,2014-05-27,6
"Criticue",28,2014-05-27,6
"Puddle",27,2014-05-27,10
"thenews.im",23,2014-05-27,4
"hi.diplo",17,2014-05-27,2
"ZenHub",15,2014-05-27,0
"Embue",14,2014-05-27,5
"Hypershoot",13,2014-05-27,1
"Smash",13,2014-05-27,4
"Harpoon",13,2014-05-27,3
"CartoDB",12,2014-05-27,1
"Convertable",11,2014-05-27,2
"SoundRad",10,2014-05-27,3
"Avocado",10,2014-05-27,0
"Self Driving car",8,2014-05-27,1
"Distiller",8,2014-05-27,1
"StartupKit",7,2014-05-27,0
"JamCam",7,2014-05-27,3
"Devcasts",7,2014-05-27,0
"Fun Golf GPS",7,2014-05-27,7
"Clever Buoy",7,2014-05-27,4
"XD Messenger",6,2014-05-27,3
"Drafts",5,2014-05-27,1
"Jog.fm",5,2014-05-27,0
"Tab",5,2014-05-27,1
"plusminus",4,2014-05-27,1
"Magic Phone Stand",4,2014-05-27,0
"Olive",3,2014-05-27,0
"Read the Docs",3,2014-05-27,0
"Fishead Analytics",3,2014-05-27,0
"Pictorian",2,2014-05-27,0
"Denominations",2,2014-05-27,2
"ShotStats ",2,2014-05-27,1
"CircleMe",67,2014-05-26,14
"Netflix Roulette",54,2014-05-26,9
"Pinshape",49,2014-05-26,1
"TeachYourselfToCode",40,2014-05-26,3
"PumpUp 3.0",39,2014-05-26,11
"Social Tables",38,2014-05-26,1
"App.js",31,2014-05-26,0
"Contentful",24,2014-05-26,7
"Barley CMS",24,2014-05-26,3
"Content Snippets ",21,2014-05-26,5
"Stay.com",16,2014-05-26,4
"VoCore",12,2014-05-26,1
"Botangle",8,2014-05-26,6
"Golgi",6,2014-05-26,6
"Imbed",3,2014-05-26,1
"Vrai & Oro",3,2014-05-26,0
"Attache Arrivals",2,2014-05-26,0
"Zana",50,2014-05-25,2
"Sensibo",24,2014-05-25,2
"Just Mail",16,2014-05-25,3
"Bitcoin Ticker",16,2014-05-25,0
"griddit",7,2014-05-25,1
"Daily, by Buffer",90,2014-05-24,18
"POW WOW",34,2014-05-24,10
"Solar Roadways ",30,2014-05-24,2
"Bohemian Guitars",25,2014-05-24,1
"Private Calculator",23,2014-05-24,4
"Meetin.gs",7,2014-05-24,2
"quickcoin",5,2014-05-24,3
"SimilarWeb",110,2014-05-23,10
"CalPal",69,2014-05-23,7
"Userlike",57,2014-05-23,7
"Rap Shirts",55,2014-05-23,10
"Collabobeat",39,2014-05-23,9
"Fleex",27,2014-05-23,5
"Virgin America Beta",24,2014-05-23,5
"Dream Afar New Tab",23,2014-05-23,7
"Ladder",22,2014-05-23,7
"Mission App",18,2014-05-23,5
"Studio 2.0",17,2014-05-23,3
"Opbeat",15,2014-05-23,2
"Zizooboats",11,2014-05-23,1
"Balanced Push 2 Card",10,2014-05-23,7
"Finish",10,2014-05-23,2
"Composer by Appgyver",7,2014-05-23,1
"Thumbtack for iOS",7,2014-05-23,4
"Zepp Golf Sensor",7,2014-05-23,0
"Chabooli",6,2014-05-23,1
"Planday",6,2014-05-23,0
"Osmo",115,2014-05-22,10
"Marmoset",74,2014-05-22,13
"Reclog",67,2014-05-22,4
"Marco Polo",54,2014-05-22,13
"Elevate",39,2014-05-22,2
"AlleyOop",37,2014-05-22,19
"Cluster 2.0",31,2014-05-22,3
"Compressor",30,2014-05-22,3
"Coffee Meets Bagel",29,2014-05-22,11
"DevRocket",23,2014-05-22,3
"x.ai",14,2014-05-22,21
"Ghostruck",13,2014-05-22,7
"Gigs 2 Go",13,2014-05-22,1
"Shuddle",12,2014-05-22,6
"1 Sheeld",9,2014-05-22,6
"Omnifocus 2 for Mac",9,2014-05-22,5
"iSketchnote",9,2014-05-22,2
"Seaboard GRAND",9,2014-05-22,1
"Tamr",6,2014-05-22,0
"Trunk",5,2014-05-22,0
"BitGypsy",4,2014-05-22,1
"Periscope",3,2014-05-22,0
"Cliptone",3,2014-05-22,0
"Plants, by Tinybop",3,2014-05-22,2
"PipelineDB",2,2014-05-22,0
"ISeeFaces",2,2014-05-22,1
"DocSend",100,2014-05-21,8
"Oozled",89,2014-05-21,17
"Honeybadger",69,2014-05-21,7
"Ringo",49,2014-05-21,5
"Unheap",47,2014-05-21,2
"Crated.",40,2014-05-21,6
"Secret 3.0",35,2014-05-21,7
"WhistleGPS",33,2014-05-21,8
"Minbox 2",32,2014-05-21,8
"Good Audience ",25,2014-05-21,14
"Google+ Stories",20,2014-05-21,5
"Datapad",14,2014-05-21,0
"Overlook",14,2014-05-21,1
"Spotify Business",14,2014-05-21,0
"Piqora",12,2014-05-21,0
"Scramblage",10,2014-05-21,2
"SQL for Marketers",9,2014-05-21,1
"Autopilot",8,2014-05-21,0
"Ravel",8,2014-05-21,1
"Jibe",8,2014-05-21,0
"Kittyo",7,2014-05-21,2
"BrowserSync",7,2014-05-21,1
"ManageWP",6,2014-05-21,1
"Brit & Co. Shop",6,2014-05-21,0
"Between Us",5,2014-05-21,5
"Dark Wallet",3,2014-05-21,1
"TunePics",3,2014-05-21,1
"Packagezen",3,2014-05-21,1
"NPH Book",3,2014-05-21,0
"Recruiterbox",3,2014-05-21,2
"Twister",2,2014-05-21,1
"Otterology",2,2014-05-21,0
"Proxy.app",2,2014-05-21,0
"Notifyr",232,2014-05-20,33
"Screenshotter",71,2014-05-20,14
"Commencement, by NPR",51,2014-05-20,3
"Airport BINGO",47,2014-05-20,10
"Check I'm Here",47,2014-05-20,3
"Sbaam",38,2014-05-20,2
"Pancake",33,2014-05-20,10
"Thilsted",27,2014-05-20,0
"KidCam",26,2014-05-20,3
"Arccos",25,2014-05-20,1
"Swat.io",25,2014-05-20,10
"Dashlane",21,2014-05-20,6
"Hoodie",19,2014-05-20,1
"Fresco",14,2014-05-20,4
"Teleport",13,2014-05-20,2
"Couple Live Map",13,2014-05-20,3
"Chat Center",12,2014-05-20,12
"BlockCypher",11,2014-05-20,0
"37 Coins",11,2014-05-20,2
"Surface Pro 3 ",8,2014-05-20,2
"Thistle",8,2014-05-20,3
"808 Cube",8,2014-05-20,1
"Tifosy",7,2014-05-20,1
"Calendar Tree",7,2014-05-20,11
"Ten Year Hoodie",7,2014-05-20,2
"Mighty Spring",6,2014-05-20,0
"x-meme",5,2014-05-20,0
"Destroy Mail",5,2014-05-20,4
"Outdoor Exchange",5,2014-05-20,0
"Forward",2,2014-05-20,0
"Pepsi Spire",2,2014-05-20,2
"Assistant.To",98,2014-05-19,19
"Yo",97,2014-05-19,55
"Onword",70,2014-05-19,6
"Runscope",45,2014-05-19,5
"Ink N Drink",29,2014-05-19,5
"Airseed",28,2014-05-19,9
"Walls.io",24,2014-05-19,7
"Jetpac Spotter",23,2014-05-19,3
"Muse",22,2014-05-19,7
"Loomio",21,2014-05-19,3
"Anyperk",14,2014-05-19,6
"Blueboard",11,2014-05-19,8
"Monitor",9,2014-05-19,0
"LaunchKey",9,2014-05-19,1
"Whisper 4.0 (iOS)",7,2014-05-19,2
"""The Ugly Dance""",7,2014-05-19,2
"SPURDOC",6,2014-05-19,2
"Hitman: Absolution",6,2014-05-19,8
"S V Y F T",5,2014-05-19,2
"Scout",4,2014-05-19,0
"@pmarca tweet-essays",75,2014-05-18,14
"Captain Icon",37,2014-05-18,2
"Chimpadeedoo",21,2014-05-18,7
"Boxagon",17,2014-05-18,6
"Prong",14,2014-05-18,4
"Spy Paper",10,2014-05-18,0
"Crowdflower",7,2014-05-18,0
"FullContact Card Reader",55,2014-05-17,6
"NerdyData",39,2014-05-17,4
"ProtonMail",27,2014-05-17,3
"Nomorobo",19,2014-05-17,5
"Photomatic",19,2014-05-17,2
"MotionSavvy",14,2014-05-17,2
"Zocko",11,2014-05-17,1
"Diplopia",11,2014-05-17,1
"Sup",10,2014-05-17,4
"BarkBuddy",61,2014-05-16,17
"JustReachOut",43,2014-05-16,14
"Chain",38,2014-05-16,3
"Circle",30,2014-05-16,2
"Gymsurfing",23,2014-05-16,4
"OTTO",23,2014-05-16,12
"Soldsie",22,2014-05-16,1
"Tech Hunter",21,2014-05-16,3
"Helpful",20,2014-05-16,7
"updn",19,2014-05-16,14
"Citrus Lane",10,2014-05-16,1
"uixspot",10,2014-05-16,1
"Depop",9,2014-05-16,2
"Zumper",9,2014-05-16,1
"CloudFuse",7,2014-05-16,3
"Klyme",6,2014-05-16,4
"Madesquare",4,2014-05-16,2
"ANTVR",4,2014-05-16,0
"Printoo",2,2014-05-16,1
"CloudPeeps",80,2014-05-15,11
"12ish",79,2014-05-15,21
"Swarm (iOS)",51,2014-05-15,9
"Kinsights",42,2014-05-15,10
"Skylock",36,2014-05-15,2
"Nuzzel for iOS",29,2014-05-15,4
"PrestaShop",28,2014-05-15,2
"Discover.typography",22,2014-05-15,2
"Churn Buster",21,2014-05-15,8
"Drift Light",20,2014-05-15,3
"Wearhaus",17,2014-05-15,4
"Slapshot",15,2014-05-15,9
"Sinch",14,2014-05-15,6
"Urban Massage",14,2014-05-15,4
"TypeHere",12,2014-05-15,8
"everything.io",11,2014-05-15,1
"Next Issue",11,2014-05-15,1
"Reissued",10,2014-05-15,3
"YourFonts",10,2014-05-15,1
"Kanvas",8,2014-05-15,5
"Now Relax",7,2014-05-15,1
"October CMS",7,2014-05-15,1
"weeSpring",7,2014-05-15,3
"Countable",6,2014-05-15,3
"Mixtrss",6,2014-05-15,3
"Silicon Feelings",3,2014-05-15,0
"xScope",3,2014-05-15,1
"Fidesmo",1,2014-05-15,1
"MailCharts",64,2014-05-14,26
"Formisimo",64,2014-05-14,5
"Jam",61,2014-05-14,10
"Firebase Hosting",42,2014-05-14,6
"Cue",34,2014-05-14,5
"Time4Popcorn",29,2014-05-14,8
"Quaderno",23,2014-05-14,7
"namevine",20,2014-05-14,3
"NYT Cooking",15,2014-05-14,1
"moto e",14,2014-05-14,3
"Image Sharer",12,2014-05-14,2
"WhatsApplebee's",11,2014-05-14,3
"SuperHot",9,2014-05-14,1
"Mixerbox",8,2014-05-14,1
"Travelistly",7,2014-05-14,5
"Sols",7,2014-05-14,1
"Spot On",7,2014-05-14,7
"UX Cam",6,2014-05-14,1
"Gliffy",5,2014-05-14,2
"Compete Hub",4,2014-05-14,2
"Tweekly",3,2014-05-14,0
"Villas.com",3,2014-05-14,2
"Mamajamas",2,2014-05-14,2
"Scoreboard",2,2014-05-14,0
"Teddy the Guardian",2,2014-05-14,2
"Experiments",89,2014-05-13,15
"StartupJob.me",68,2014-05-13,6
"Market Intelligence",53,2014-05-13,20
"iam.dj",46,2014-05-13,18
"Square Feedback",34,2014-05-13,3
"Moju",30,2014-05-13,4
"Pro.com",23,2014-05-13,27
"Parrot Bepop Drone",14,2014-05-13,1
"BarkCare",12,2014-05-13,7
"DevArt",12,2014-05-13,2
"The NightLight",11,2014-05-13,12
"Diamond Armor",10,2014-05-13,6
"Tech Studios",9,2014-05-13,2
"Cleaner",9,2014-05-13,3
"Thread Tally ",8,2014-05-13,0
"Spell Up with Google",8,2014-05-13,0
"UberJET",8,2014-05-13,2
"Blendle",8,2014-05-13,2
"Mouseflow",6,2014-05-13,2
"Minuum Keyboard",5,2014-05-13,1
"Inkba",4,2014-05-13,2
"Fronto",4,2014-05-13,3
"The Slide Bureau",3,2014-05-13,1
"Sproutling",2,2014-05-13,0
"Stamplay",179,2014-05-12,19
"TenTwenty",53,2014-05-12,17
"Hollerback",50,2014-05-12,12
"Two Margins",40,2014-05-12,10
"Monkey Parking",38,2014-05-12,6
"Square Order",33,2014-05-12,1
"20 Day Stranger",25,2014-05-12,5
"GatherContent",24,2014-05-12,5
"Noisli (iOS)",23,2014-05-12,8
"Stack Exchange (iOS)",23,2014-05-12,1
"Arctic Laser",12,2014-05-12,1
"Timebird",11,2014-05-12,5
"Prehash",9,2014-05-12,0
"Charity Miles",8,2014-05-12,3
"XtraFinder",8,2014-05-12,1
"halfbike",8,2014-05-12,1
"Syncthing",6,2014-05-12,0
"Tado",5,2014-05-12,0
"The Best Day",4,2014-05-12,0
"TogetherJS",4,2014-05-12,1
"Jampp",1,2014-05-12,0
"BidAway",64,2014-05-11,3
"Layer",42,2014-05-11,4
"99tests",32,2014-05-11,5
"Dumb Domains",24,2014-05-11,7
"shortwave",24,2014-05-11,9
"HackMatch",18,2014-05-11,6
"Quill",14,2014-05-11,4
"Chime",14,2014-05-11,5
"StartupSocial",13,2014-05-11,4
"HabitRPG",10,2014-05-11,2
"CircuitHub",7,2014-05-11,0
"Amino ",5,2014-05-11,2
"SalesLoft",4,2014-05-11,0
"Karma ",4,2014-05-11,0
"Liquid",60,2014-05-10,4
"Usersnap",33,2014-05-10,5
"Quest",29,2014-05-10,4
"EDM Designer",22,2014-05-10,2
"Pressy",20,2014-05-10,1
"HubYard",15,2014-05-10,2
"SpeedCurve",14,2014-05-10,1
"Tweetwall",12,2014-05-10,1
"ClaimAir",11,2014-05-10,5
"All of Bach",8,2014-05-10,0
"Me-Mover",4,2014-05-10,2
"MultCloud",3,2014-05-10,1
"GuiltyPledgers",2,2014-05-10,0
"Redsgned",59,2014-05-09,6
"HackDesign",52,2014-05-09,9
"VisualPing",29,2014-05-09,3
"Birdly",29,2014-05-09,3
"Helpshift",27,2014-05-09,3
"8tracks 3.0 (iOS)",26,2014-05-09,7
"Quick MVP",25,2014-05-09,0
"Bug Muncher",17,2014-05-09,5
"YourCall",13,2014-05-09,1
"Migreat",12,2014-05-09,1
"ChargeOver",7,2014-05-09,0
"Float",7,2014-05-09,1
"Cylon.js",6,2014-05-09,2
"iblazr",6,2014-05-09,1
"Spurious Correlation",5,2014-05-09,1
"Snapshot Letter",5,2014-05-09,1
"AVBL",4,2014-05-09,0
"Zenly",3,2014-05-09,3
"Lunecase",3,2014-05-09,0
"ScaleFunder",2,2014-05-09,1
"Three Cents",53,2014-05-08,7
"Leanstack",46,2014-05-08,8
"Store Maven",38,2014-05-08,10
"Noosfeer",37,2014-05-08,1
"Adobe Voice ",33,2014-05-08,6
"Litely",29,2014-05-08,3
"FollowUpThen",24,2014-05-08,10
"Mink",17,2014-05-08,6
"Kensho",15,2014-05-08,1
"Cubits!",12,2014-05-08,2
"Rafflecopter",11,2014-05-08,0
"Lyft Plus",11,2014-05-08,6
"Vurb",10,2014-05-08,1
"Doneliner",9,2014-05-08,3
"Model 1",8,2014-05-08,1
"CSS3 PS",8,2014-05-08,1
"Contentify",8,2014-05-08,0
"Cinamatic",7,2014-05-08,3
"Privacy Fix",4,2014-05-08,0
"SONTE",4,2014-05-08,0
"HelpJuice",3,2014-05-08,3
"Stylestats",3,2014-05-08,5
"Wallspace Finder",2,2014-05-08,1
"Riffle by CrowdRiff",83,2014-05-07,5
"Jekyll 2.0",44,2014-05-07,3
"Blink",36,2014-05-07,7
"hipsterdomainfinder",35,2014-05-07,6
"Conjure",29,2014-05-07,4
"Kiwi Motion",28,2014-05-07,2
"Startup College",27,2014-05-07,4
"moqups",26,2014-05-07,1
"Clarity Live",24,2014-05-07,7
"Typewriter",24,2014-05-07,10
"Drop Messages",16,2014-05-07,5
"BookVibe",15,2014-05-07,3
"Conspire",15,2014-05-07,8
"Survs",12,2014-05-07,2
"Attachments.io",9,2014-05-07,0
"Flowhub",8,2014-05-07,1
"Pipes",8,2014-05-07,0
"QC Crash Course",8,2014-05-07,13
"Connu",6,2014-05-07,1
"Showkit",6,2014-05-07,0
"TargetingMantra",5,2014-05-07,1
"LOADING HUMAN",5,2014-05-07,5
"Stereo Mood",4,2014-05-07,1
"TurnedOn",3,2014-05-07,1
"Lifedots",2,2014-05-07,1
"TangiblePlay",1,2014-05-07,1
"Look Birdy",1,2014-05-07,0
"Golbis",1,2014-05-07,0
"Routeshare",79,2014-05-06,15
"Reko.me",51,2014-05-06,17
"Compass",37,2014-05-06,5
"Plasso",30,2014-05-06,11
"Ouija",30,2014-05-06,13
"Freshdesk",27,2014-05-06,0
"Fetch",16,2014-05-06,4
"Twoomf",15,2014-05-06,3
"Kennedy",12,2014-05-06,1
"Handmade Tea",11,2014-05-06,11
"osxc",10,2014-05-06,1
"Prose",9,2014-05-06,1
"PaintCode 2",8,2014-05-06,1
"Sorting",8,2014-05-06,0
"Charitweet",7,2014-05-06,1
"hugdug",7,2014-05-06,1
"Accent Learners",6,2014-05-06,1
"TeamWeek",6,2014-05-06,3
"StartupStockExchange",4,2014-05-06,3
"Cardiio",2,2014-05-06,0
"Applause",2,2014-05-06,2
"Scorpio",1,2014-05-06,0
"InboundWriter",1,2014-05-06,0
"Wiser",122,2014-05-05,12
"Google Express",45,2014-05-05,8
"Next Duck Duck Go",28,2014-05-05,7
"One-click addonlist",28,2014-05-05,14
"WriterKata",27,2014-05-05,1
"Your First Customers",25,2014-05-05,8
"#AmazonCart",23,2014-05-05,1
"Betty",22,2014-05-05,4
"Soundtrap",18,2014-05-05,3
"Jobr",17,2014-05-05,5
"Ghost Inspector",13,2014-05-05,3
"Peerby",12,2014-05-05,3
"Nusii",11,2014-05-05,7
"Hachi",10,2014-05-05,1
"Jeet",7,2014-05-05,2
"SquadHelp",7,2014-05-05,3
"Icon Baker",6,2014-05-05,2
"Measvre",5,2014-05-05,0
"Dogvacay",5,2014-05-05,1
"Twine",5,2014-05-05,2
"Prototypo",5,2014-05-05,1
"Finally Bulb",5,2014-05-05,2
"FeedPress",5,2014-05-05,2
"Page Layers",4,2014-05-05,0
"Paperpile",4,2014-05-05,0
"Minitube",4,2014-05-05,0
"Acorns",3,2014-05-05,0
"Nimble",3,2014-05-05,1
"CubeSensors",1,2014-05-05,0
"Knotch",44,2014-05-04,5
"Workfrom",36,2014-05-04,15
"Lostmy.name",19,2014-05-04,7
"The Good Creative",14,2014-05-04,13
"Aceable",5,2014-05-04,0
"Ayalo",1,2014-05-04,0
"Gridzzly",32,2014-05-03,2
"Mosaic",15,2014-05-03,2
"Caviar",11,2014-05-03,2
"Atheer One",11,2014-05-03,2
"Better TweetDeck",9,2014-05-03,1
"Next Society",7,2014-05-03,4
"Burn Note",6,2014-05-03,2
"PredictionIO",101,2014-05-02,9
"Proto.io",38,2014-05-02,3
"BillGuard - Android",31,2014-05-02,4
"Soundcloud Wall",26,2014-05-02,5
"AirParrot",25,2014-05-02,5
"Papermine",25,2014-05-02,2
"Surfkoll",21,2014-05-02,4
"Clipular",16,2014-05-02,3
"Atlas",16,2014-05-02,2
"Gifgasm",15,2014-05-02,6
"Vine ""Explore""",9,2014-05-02,5
"Loyal3",9,2014-05-02,3
"Isomer",8,2014-05-02,2
"Step in Time",7,2014-05-02,3
"Wave Accounting",7,2014-05-02,2
"Place Kitten",7,2014-05-02,1
"Ink",6,2014-05-02,2
"Slowy app",5,2014-05-02,0
"The Email Game",5,2014-05-02,2
"GoT Helper",4,2014-05-02,0
"Recce",3,2014-05-02,2
"SoundCloud Instant",3,2014-05-02,0
"Upsense",2,2014-05-02,0
"Vanhawks Valour Bike",98,2014-05-01,14
"Snapchat Chat",59,2014-05-01,25
"Guides.co",52,2014-05-01,13
"Swarm",47,2014-05-01,13
"Avocode",32,2014-05-01,3
"Stockpile",24,2014-05-01,3
"Sets",21,2014-05-01,5
"Vhoto",20,2014-05-01,7
"Numerous",18,2014-05-01,5
"polar",17,2014-05-01,5
"MakeSpace",15,2014-05-01,2
"Slingshot",13,2014-05-01,4
"Jungle Rumble",13,2014-05-01,0
"Pathful",11,2014-05-01,7
"Flamingo",11,2014-05-01,4
"You & Me",11,2014-05-01,7
"Thumbtack",11,2014-05-01,2
"Totspot",10,2014-05-01,0
"Parade",10,2014-05-01,2
"9 Cards",10,2014-05-01,5
"Wave",9,2014-05-01,1
"RingCaptcha",8,2014-05-01,2
"TELESCOPE Cards",7,2014-05-01,1
"Breadcrumb PRO",7,2014-05-01,0
"SimpliSafe",7,2014-05-01,1
"Spitfire Athlete",6,2014-05-01,4
"Kamcord (iOS)",5,2014-05-01,3
"Motiv App",5,2014-05-01,2
"FontFriend",5,2014-05-01,8
"Customer Surveys",5,2014-05-01,1
"MileIQ",4,2014-05-01,1
"Cloaq",4,2014-05-01,1
"miDrive",4,2014-05-01,0
"Streetchat",4,2014-05-01,7
"iZettle",4,2014-05-01,3
"Keycafe",3,2014-05-01,2
"OneNote for iPhone",3,2014-05-01,0
"Harmony",3,2014-05-01,0
"Tzukuri",3,2014-05-01,5
"LegalSifter",3,2014-05-01,1
"EquityZen",84,2014-04-30,8
"Moltin",54,2014-04-30,3
"Sisu",44,2014-04-30,13
"Piper",29,2014-04-30,1
"Google Docs & Sheets",22,2014-04-30,2
"Slidebean",20,2014-04-30,1
"App Links",16,2014-04-30,1
"BarterPlace",16,2014-04-30,1
"Nod",15,2014-04-30,10
"Squire",12,2014-04-30,8
"Ku",11,2014-04-30,2
"Grabble",10,2014-04-30,1
"Emoji Weather",9,2014-04-30,3
"Startup Pack",9,2014-04-30,1
"Brooklinen",9,2014-04-30,1
"Zoobean",8,2014-04-30,5
"SCiO",7,2014-04-30,2
"GameThrive",7,2014-04-30,7
"Perch",5,2014-04-30,6
"Adstage",4,2014-04-30,4
"Mingle",4,2014-04-30,4
"Scutify",4,2014-04-30,0
"Wist",3,2014-04-30,0
"LearnVest",3,2014-04-30,0
"SketchTool",2,2014-04-30,1
"fluc",2,2014-04-30,0
"Foxmetrics",2,2014-04-30,0
"Team Snap",1,2014-04-30,1
"Marvel (iOS)",114,2014-04-29,11
"StartupJob",68,2014-04-29,3
"DiDi",65,2014-04-29,8
"Flounder",56,2014-04-29,14
"4 Snaps",24,2014-04-29,14
"Standards",23,2014-04-29,3
"ThemeIsle",22,2014-04-29,2
"Square Pickup",21,2014-04-29,2
"NextMover",17,2014-04-29,11
"Zoetrope",16,2014-04-29,3
"Quest Protein Bar",12,2014-04-29,4
"Porter",11,2014-04-29,0
"Carbon",10,2014-04-29,5
"MyPlusOne",9,2014-04-29,1
"Soundation",7,2014-04-29,1
"Wrap Bootstrap",6,2014-04-29,0
"Farmivore",6,2014-04-29,1
"Firefox 29",6,2014-04-29,1
"Qardio",6,2014-04-29,0
"Sleepio",5,2014-04-29,1
"LSTN Headphones",5,2014-04-29,1
"Link Tally",4,2014-04-29,1
"Librato",4,2014-04-29,3
"Armatix",4,2014-04-29,1
"Travedoc",4,2014-04-29,5
"Kutoa Bars",3,2014-04-29,0
"m!Qbe",3,2014-04-29,1
"The Provisionator",2,2014-04-29,1
"Unwind Me",96,2014-04-28,16
"Interactive Video",71,2014-04-28,16
"Flat UI Colors",57,2014-04-28,6
"Picamoment",54,2014-04-28,0
"Plaid",46,2014-04-28,3
"One Month HTML ",36,2014-04-28,8
"Circular.io",28,2014-04-28,2
"ChargeKey",26,2014-04-28,17
"Beddit",23,2014-04-28,6
"Disconnect",17,2014-04-28,0
"Hotelied",12,2014-04-28,8
"Massdrop",12,2014-04-28,7
"Delete It Later",12,2014-04-28,7
"My.com Mail",11,2014-04-28,1
"Chromatik",8,2014-04-28,1
"Body Dryer",8,2014-04-28,3
"Overture",7,2014-04-28,4
"Betatype",6,2014-04-28,3
"Banana Tag",6,2014-04-28,0
"IdeaSparked",5,2014-04-28,1
"Limk",5,2014-04-28,0
"ReadMe.io",4,2014-04-28,2
"Picture This ",4,2014-04-28,3
"BeApping ",4,2014-04-28,2
"Surefield",3,2014-04-28,1
"Zeel",3,2014-04-28,0
"Warble",3,2014-04-28,2
"OutTrippin",3,2014-04-28,4
"Kojitsu",36,2014-04-27,16
"3D Hubs",25,2014-04-27,2
"Better History",22,2014-04-27,2
"OpenLikes",18,2014-04-27,6
"XTouch",17,2014-04-27,4
"Waffle",15,2014-04-27,2
"DoNotTrackMe",14,2014-04-27,1
"Pinterest Search",12,2014-04-27,3
"Nach",9,2014-04-27,6
"Usetrace",9,2014-04-27,0
"Tokens",7,2014-04-27,1
"Strikingly - Resume",6,2014-04-27,2
"The Arcanum",3,2014-04-27,0
"Guidekick",47,2014-04-26,2
"Ex Alarm",26,2014-04-26,8
"Variance",24,2014-04-26,2
"ImageBrief",16,2014-04-26,1
"Logsit",13,2014-04-26,0
"Hound CI",13,2014-04-26,3
"Interlude",12,2014-04-26,3
"bipio",10,2014-04-26,2
"Search by Image",9,2014-04-26,1
"Stitch",8,2014-04-26,1
"Thermodo",4,2014-04-26,1
"Codacy",105,2014-04-25,6
"Pitchpigeon",74,2014-04-25,18
"Holidog",58,2014-04-25,7
"hipcamp",26,2014-04-25,5
"circuits.io",26,2014-04-25,0
"Site Alerts",25,2014-04-25,10
"VUE",22,2014-04-25,3
"Mammoth",22,2014-04-25,9
"Fnd",21,2014-04-25,2
"ROCKI",16,2014-04-25,2
"ShopFlow",14,2014-04-25,2
"Bridge.us",12,2014-04-25,1
"Reveal",9,2014-04-25,0
"Haggle",6,2014-04-25,2
"Mindful Mynah",4,2014-04-25,2
"Circuit Scribe",4,2014-04-25,1
"Lucky Orange",3,2014-04-25,0
"Twitter Website Card",3,2014-04-25,1
"AirGol",2,2014-04-25,0
"SoundBetter",132,2014-04-24,7
"EasyFridge",126,2014-04-24,10
"TunnelBear",54,2014-04-24,7
"Verified Followers",42,2014-04-24,9
"Scanbot",42,2014-04-24,1
"SnapDash",38,2014-04-24,7
"Plot",33,2014-04-24,6
"Wercker",21,2014-04-24,0
"Project Parfait",19,2014-04-24,1
"Hakka Labs",17,2014-04-24,0
"Everpurse",14,2014-04-24,4
"Arq",14,2014-04-24,3
"gifdanceparty",12,2014-04-24,2
"Xapo Card",11,2014-04-24,1
"Personal Paper",11,2014-04-24,8
"Rtbl",11,2014-04-24,6
"Onewheel",11,2014-04-24,6
"Grand St. (iOS)",9,2014-04-24,1
"FreedMan Chair",8,2014-04-24,0
"WeVideo",7,2014-04-24,2
"Owlet Smart Sock",6,2014-04-24,3
"OptKit",6,2014-04-24,7
"Sabi",6,2014-04-24,1
"Zipwhip",6,2014-04-24,1
"Sociagram",6,2014-04-24,5
"Card Control",5,2014-04-24,2
"speakme",5,2014-04-24,5
"WIP Messenger",3,2014-04-24,1
"GifMe",2,2014-04-24,2
"GIFwrapped",2,2014-04-24,3
"EquipBoard",87,2014-04-23,6
"Salary Fairy",59,2014-04-23,9
"Soda",39,2014-04-23,9
"Airfoil",36,2014-04-23,5
"24me",26,2014-04-23,14
"Project Naptha",20,2014-04-23,1
"Brewseful",20,2014-04-23,2
"Dploy",19,2014-04-23,4
"Foogi",18,2014-04-23,7
"NeuroOn",18,2014-04-23,4
"First Draft",14,2014-04-23,7
"Inventalator",14,2014-04-23,10
"MovieDo",12,2014-04-23,3
"AppCleaner",8,2014-04-23,2
"DrChrono",8,2014-04-23,0
"Kammok Thylacine",8,2014-04-23,3
"Artifox Desks",6,2014-04-23,1
"Pause magazine",6,2014-04-23,2
"LIFX",4,2014-04-23,3
"Briefs App",3,2014-04-23,0
"Bluescape",3,2014-04-23,0
"Remark",132,2014-04-22,17
"Mellow",97,2014-04-22,37
"Casper",62,2014-04-22,12
"Crunchbase 2.0",30,2014-04-22,5
"Lytro Illum",28,2014-04-22,6
"G2Crowd",24,2014-04-22,2
"FireStop",22,2014-04-22,5
"Veern",19,2014-04-22,6
"Union",18,2014-04-22,8
"Stitch",17,2014-04-22,5
"Pintask",17,2014-04-22,7
"Adbeat",12,2014-04-22,3
"Streem",11,2014-04-22,3
"SweetProcess",11,2014-04-22,6
"Torpedo",8,2014-04-22,3
"The Distance",8,2014-04-22,1
"Diveo",8,2014-04-22,4
"Inkling",8,2014-04-22,1
"JukeDeck",7,2014-04-22,2
"Vaavud",7,2014-04-22,1
"Setlist",6,2014-04-22,4
"Credii",5,2014-04-22,0
"SAT Up",4,2014-04-22,0
"Skala Preview",3,2014-04-22,0
"Dweet",3,2014-04-22,0
"Bootic",3,2014-04-22,1
"Tiinkk",2,2014-04-22,0
"SenseLabs",1,2014-04-22,1
"VenueSpot",71,2014-04-21,6
"Mailbox 2.0",24,2014-04-21,4
"Blurb",22,2014-04-21,9
"MOWZ",21,2014-04-21,9
"Lysn in",20,2014-04-21,6
"FIO",17,2014-04-21,13
"Streamus",16,2014-04-21,3
"Kangaroo",16,2014-04-21,8
"UsabilityTools",16,2014-04-21,8
"HuBoard",9,2014-04-21,3
"Collabinate",9,2014-04-21,5
"Knoda",9,2014-04-21,8
"MiniBrake",7,2014-04-21,4
"Calibre",4,2014-04-21,0
"MassRoots",4,2014-04-21,1
"Jollyshot",4,2014-04-21,2
"Clark",4,2014-04-21,2
"Askem",4,2014-04-21,0
"PaperSync",3,2014-04-21,4
"Permeate",2,2014-04-21,3
"GIFSNAP",19,2014-04-20,2
"3D Egg Painter",12,2014-04-20,3
"Longaccess",9,2014-04-20,2
"The Home T",9,2014-04-20,4
"Arthena",8,2014-04-20,4
"Metrilo",7,2014-04-20,0
"Tresorit",6,2014-04-20,0
"Kinnek",5,2014-04-20,0
"Typify",96,2014-04-19,11
"RainDrop.io",25,2014-04-19,6
"Just Unfollow",20,2014-04-19,2
"Opencall",12,2014-04-19,3
"Mockuuups",11,2014-04-19,2
"EditThisCookie",11,2014-04-19,1
"Beamer",9,2014-04-19,0
"Rank tracker",7,2014-04-19,5
"Nanoleaf",6,2014-04-19,0
"City Box",6,2014-04-19,5
"Mixlr",3,2014-04-19,2
"Skim",2,2014-04-19,0
"underdog.io",48,2014-04-18,16
"Design Triggers",44,2014-04-18,3
"DoBundle",25,2014-04-18,13
"FoldingText",18,2014-04-18,3
"Qapital",15,2014-04-18,6
"Nextdoor for iOS 2.0",14,2014-04-18,5
"Spot Rocket",13,2014-04-18,7
"Tuition.io",11,2014-04-18,2
"Seed.Jobs",9,2014-04-18,1
"Immaculate",4,2014-04-18,1
"Typekit Practice",3,2014-04-18,0
"Poachbox",3,2014-04-18,5
"TP AR 556",1,2014-04-18,1
"Photojojo Rentals",54,2014-04-17,11
"Breeze",37,2014-04-17,10
"design+code : Sketch",37,2014-04-17,1
"Paintzen",34,2014-04-17,12
"Screenhero",32,2014-04-17,4
"Screenshotter PHBeta",32,2014-04-17,15
"KeyMe",27,2014-04-17,7
"Better",24,2014-04-17,13
"GA Opportunity Fund",18,2014-04-17,0
"High Five PH!",16,2014-04-17,14
"Revelry",16,2014-04-17,3
"Roojoom",15,2014-04-17,1
"Unsplash",15,2014-04-17,1
"Stacks",13,2014-04-17,5
"Locus Seat",12,2014-04-17,0
"UpSee",12,2014-04-17,2
"GoogolPlex",11,2014-04-17,4
"Lumoid",10,2014-04-17,0
"FB Nearby Friends",9,2014-04-17,3
"Mark43",5,2014-04-17,1
"Kill News Feed",5,2014-04-17,0
"Pesticide",5,2014-04-17,0
"Table8",4,2014-04-17,3
"Indico",3,2014-04-17,0
"Fraym",3,2014-04-17,1
"BRANDiD",90,2014-04-16,18
"ThinkUp",85,2014-04-16,14
"Sidenotes",53,2014-04-16,6
"Drawer",50,2014-04-16,11
"Respondly",44,2014-04-16,7
"Kivo",33,2014-04-16,3
"Learn Git",29,2014-04-16,3
"Notfound",22,2014-04-16,3
"Human API",17,2014-04-16,4
"Tracxn",16,2014-04-16,6
"BannerFlow",14,2014-04-16,1
"Yovigo",12,2014-04-16,1
"Superb",12,2014-04-16,6
"Slice",12,2014-04-16,7
"Rise",10,2014-04-16,2
"ProtoExchange",10,2014-04-16,0
"Browser Stack ",10,2014-04-16,4
"Shortcut Foo",6,2014-04-16,0
"Spain startup map",6,2014-04-16,1
"Trialfire",5,2014-04-16,1
"Slicereader",5,2014-04-16,1
"Prefundia ",5,2014-04-16,1
"Panorama Education",4,2014-04-16,3
"Peekster",4,2014-04-16,0
"Solar",3,2014-04-16,0
"Buddhify",2,2014-04-16,3
"Sydewalk",2,2014-04-16,1
"PlayAlong",1,2014-04-16,2
"Tomigo",1,2014-04-16,3
"Product Hunt Radio",117,2014-04-15,11
"Betterment",38,2014-04-15,7
"Fedora",31,2014-04-15,7
"Let.ter",28,2014-04-15,12
"Flock",26,2014-04-15,12
"Postman",20,2014-04-15,2
"RelateIQ 2.0 for iOS",18,2014-04-15,10
"Beepi",16,2014-04-15,3
"Clari",15,2014-04-15,0
"Templana",15,2014-04-15,3
"Swell",14,2014-04-15,8
"Skilljar",11,2014-04-15,3
"Survios",11,2014-04-15,6
"Theorem",8,2014-04-15,0
"Zoute",8,2014-04-15,0
"Happier",7,2014-04-15,2
"Huginn",6,2014-04-15,1
"5 minute journal",5,2014-04-15,4
"Icon Pocket",5,2014-04-15,1
"Postmaster",4,2014-04-15,0
"Front Flip",3,2014-04-15,2
"Last Alert",2,2014-04-15,2
"BookMacster",1,2014-04-15,2
"Sketch 3",104,2014-04-14,13
"PiinPoint",38,2014-04-14,4
"Update My VC",32,2014-04-14,13
"SummaList",24,2014-04-14,6
"Cups",19,2014-04-14,5
"Kid & Coe",18,2014-04-14,20
"BitBalloon",18,2014-04-14,5
"Ethereum",14,2014-04-14,2
"Riyarchy",14,2014-04-14,1
"GIFGIF",12,2014-04-14,5
"Hackpad",10,2014-04-14,2
"PushPickup",10,2014-04-14,5
"Kula Tech",10,2014-04-14,0
"Invisible Cow ",9,2014-04-14,2
"Stormpath",7,2014-04-14,1
"Doge Weather",6,2014-04-14,3
"ShotTracker",4,2014-04-14,3
"Convies",4,2014-04-14,1
"Day Flow",4,2014-04-14,2
"Entrain",3,2014-04-14,1
"Triptease",3,2014-04-14,3
"Curious",2,2014-04-14,1
"Flaticon",59,2014-04-13,7
"Family Guy Game",12,2014-04-13,2
"CodeBunk",8,2014-04-13,4
"Remee",21,2014-04-12,5
"Think Like a Freak",16,2014-04-12,3
"Nifty Minidrive",15,2014-04-12,3
"shuffler.fm",12,2014-04-12,2
"Moniker",9,2014-04-12,1
"PRBC - Credit Rating",3,2014-04-12,2
"Geckoboard",49,2014-04-11,5
"Refresh 1.6",44,2014-04-11,9
"Taptalk",32,2014-04-11,14
"Trance",27,2014-04-11,8
"Morning ",23,2014-04-11,0
"Reeder 2 For Mac",21,2014-04-11,3
"Startup Series eBook",18,2014-04-11,6
"Domain Tower",18,2014-04-11,2
"Poetica",15,2014-04-11,5
"Planner 5D",14,2014-04-11,3
"The Boyfriend Log",9,2014-04-11,4
"DataFox",6,2014-04-11,4
"CO Everywhere",4,2014-04-11,0
"This Is My Jam",3,2014-04-11,2
"Retained",3,2014-04-11,0
"JobKaster",3,2014-04-11,0
"deviantART muro",2,2014-04-11,2
"Startup Back Office",2,2014-04-11,4
"Developer Agents",50,2014-04-10,9
"Mental Notes",41,2014-04-10,5
"Buffer for iOS7 ",31,2014-04-10,9
"Crew",23,2014-04-10,5
"Responsive Type",13,2014-04-10,2
"Uformit",10,2014-04-10,1
"Ionic Framework",8,2014-04-10,0
"AgFunder",8,2014-04-10,0
"Webengage",8,2014-04-10,2
"TruckPlease",6,2014-04-10,0
"Mini Mobile Printer",6,2014-04-10,1
"PackPoint",6,2014-04-10,1
"BeepManager",5,2014-04-10,0
"Design for the Web",4,2014-04-10,3
"Buildbox",3,2014-04-10,0
"Vinyl Me, Please",75,2014-04-09,15
"narwhal for reddit",39,2014-04-09,13
"Pathwright",34,2014-04-09,15
"Carousel",32,2014-04-09,14
"PayStand",28,2014-04-09,2
"Azendoo",25,2014-04-09,1
"Muut",20,2014-04-09,4
"ecoVent",14,2014-04-09,1
"JobFoundry",11,2014-04-09,4
"Into the Static",11,2014-04-09,5
"BuzzStream",8,2014-04-09,4
"Heartbleed Test",7,2014-04-09,0
"Meanpath",6,2014-04-09,0
"Storium",6,2014-04-09,1
"Vaurum",5,2014-04-09,0
"Mingleton",4,2014-04-09,1
"Vigo",2,2014-04-09,0
"Makin Sense Babe",2,2014-04-09,1
"Responsive Email",78,2014-04-08,3
"SendinBlue",61,2014-04-08,6
"Sketchfab",57,2014-04-08,7
"Without Permission",56,2014-04-08,16
"Mailcloud",45,2014-04-08,13
"Twitter Profile",28,2014-04-08,12
"TransferWise",28,2014-04-08,4
"Micro",19,2014-04-08,4
"Snappy Checkout",16,2014-04-08,2
"NeonMob",16,2014-04-08,6
"Barks and Rec",15,2014-04-08,6
"Stand Desk",14,2014-04-08,2
"Etch",13,2014-04-08,2
"Page Snooze",13,2014-04-08,2
"Bullet Journal",12,2014-04-08,1
"Tellmebye",9,2014-04-08,1
"Skully",7,2014-04-08,4
"Regular.io",6,2014-04-08,1
"Bitcoin Correlator",5,2014-04-08,0
"Gemshare",5,2014-04-08,0
"Azimo",5,2014-04-08,0
"The Brick",3,2014-04-08,0
"Syndical",2,2014-04-08,0
"Vox",49,2014-04-07,1
"DJI Phantom2 Vision+",39,2014-04-07,6
"RegExr 2.0",33,2014-04-07,4
"Pull Review",29,2014-04-07,1
"Mindie 2.0",29,2014-04-07,6
"Sitedrop",24,2014-04-07,2
"Craft",22,2014-04-07,5
"LIX 3D Print Pen",22,2014-04-07,4
"Retain",21,2014-04-07,3
"My SaaS Metrics",18,2014-04-07,4
"Deckset",17,2014-04-07,2
"OpenBrand",11,2014-04-07,4
"Spike",10,2014-04-07,0
"Litographs",9,2014-04-07,2
"UberRush",8,2014-04-07,2
"PlaceIMG",7,2014-04-07,2
"Comic Neue",6,2014-04-07,0
"Self Control (Mac)",6,2014-04-07,3
"Modern New Tab Page",6,2014-04-07,1
"Blurb",4,2014-04-07,0
"coconutBattery",4,2014-04-07,0
"Suny",3,2014-04-07,0
"Intouch App",3,2014-04-07,0
"WunWun",2,2014-04-07,1
"OneTask (Mac)",34,2014-04-06,8
"ZBoard",29,2014-04-06,3
"leash.co",25,2014-04-06,11
"Cleanly",16,2014-04-06,13
"Pluto Mail",14,2014-04-06,3
"FormCrafts",11,2014-04-06,3
"SongKick (iOS)",10,2014-04-06,2
"Treatings",9,2014-04-06,5
"Leading Snowflakes",7,2014-04-06,1
"Iconion",41,2014-04-05,4
"Buzzsumo",24,2014-04-05,1
"Built With",24,2014-04-05,1
"WakaTime",14,2014-04-05,4
"Hover Post",12,2014-04-05,1
"Loopd",10,2014-04-05,4
"Channelkit",9,2014-04-05,5
"PAGS",8,2014-04-05,3
"Sway",7,2014-04-05,0
"Downtown",7,2014-04-05,0
"Trak.io",78,2014-04-04,3
"Digital Ocean",71,2014-04-04,6
"Maily",37,2014-04-04,7
"Death to Stock Photo",25,2014-04-04,3
"Amazon Dash",20,2014-04-04,2
"GoPRit",18,2014-04-04,4
"Raising Money Book",15,2014-04-04,10
"Meteor",13,2014-04-04,6
"365psd",11,2014-04-04,5
"SayDuck",7,2014-04-04,0
"Digital Pigeon",6,2014-04-04,1
"Toymail ",5,2014-04-04,1
"Frontback",5,2014-04-04,1
"BountySource",5,2014-04-04,1
"Videoscribe",5,2014-04-04,0
"PackPoint",5,2014-04-04,0
"Think Dirty",5,2014-04-04,0
"ThreadMeUp",4,2014-04-04,2
"JewelryBox",4,2014-04-04,1
"planBCD",4,2014-04-04,5
"Blab",74,2014-04-03,32
"Monument Valley",59,2014-04-03,15
"Kibin",40,2014-04-03,7
"Divshot",33,2014-04-03,5
"Werewolf",28,2014-04-03,4
"Vine Messages",20,2014-04-03,5
"Foodini",17,2014-04-03,8
"GoodUI Datastories",11,2014-04-03,3
"BrandEmbassy",10,2014-04-03,3
"Bitcasa",9,2014-04-03,0
"TrustRadius",9,2014-04-03,4
"Sproutr",7,2014-04-03,0
"Code Climate",6,2014-04-03,0
"Tapastic",6,2014-04-03,4
"Decorist",5,2014-04-03,6
"Bustr",5,2014-04-03,1
"#Climate",5,2014-04-03,1
"Get Invited To",4,2014-04-03,2
"NextDraft",3,2014-04-03,0
"Conversions Box",3,2014-04-03,0
"UserStats",3,2014-04-03,0
"Appium",3,2014-04-03,1
"Jaunt",3,2014-04-03,1
"Githost",2,2014-04-03,0
"Appy Couple",2,2014-04-03,2
"Traffle",1,2014-04-03,3
"Alfred",92,2014-04-02,7
"Macaw",64,2014-04-02,2
"Tripstr",43,2014-04-02,4
"APItools",41,2014-04-02,1
"Visual.ly",40,2014-04-02,0
"User Onboard",31,2014-04-02,7
"Hired",26,2014-04-02,3
"Hampton Creek Foods",24,2014-04-02,5
"Minaal carry-on",21,2014-04-02,3
"LawPal",20,2014-04-02,5
"Pluto.tv",17,2014-04-02,4
"Calendly",15,2014-04-02,1
"AirPooler",13,2014-04-02,4
"Amazon Fire TV",13,2014-04-02,19
"Lingua.ly",13,2014-04-02,2
"Land Book",12,2014-04-02,1
"Prott",12,2014-04-02,1
"NYTNow",9,2014-04-02,2
"Fantastical for iPad",8,2014-04-02,3
"Qzzr",8,2014-04-02,0
"StartHQ",7,2014-04-02,1
"Proof",6,2014-04-02,1
"Nubity",5,2014-04-02,0
"Woopra",4,2014-04-02,3
"Blocks",4,2014-04-02,0
"I Get Social",3,2014-04-02,0
"Moziy",3,2014-04-02,3
"Shoptagr",3,2014-04-02,1
"Gusto",3,2014-04-02,0
"Melodigram",3,2014-04-02,1
"EdHub.io",3,2014-04-02,0
"GroupXit",2,2014-04-02,1
"Sun Sprite",2,2014-04-02,0
"Neato Robotics",2,2014-04-02,0
"AirBRB",61,2014-04-01,13
"BeardSwipe",49,2014-04-01,5
"Frontback Enterprise",30,2014-04-01,4
"Filament",25,2014-04-01,4
"Crisp Air",19,2014-04-01,1
"Roamer",19,2014-04-01,0
"Surf Air",16,2014-04-01,0
"Not Secret App",14,2014-04-01,4
"Shoestagram",13,2014-04-01,0
"Technichi",10,2014-04-01,0
"Splitwise Drones",10,2014-04-01,0
"Stilt",9,2014-04-01,4
"Query by UserTesting",8,2014-04-01,0
"headdit",8,2014-04-01,3
"Visage",7,2014-04-01,0
"Random",6,2014-04-01,1
"Tantrum",5,2014-04-01,1
"TypeGame by Typeform",5,2014-04-01,1
"SimplyMeasured",4,2014-04-01,0
"Kodak Alaris",4,2014-04-01,7
"Silicon Island",3,2014-04-01,0
"Secretion",3,2014-04-01,0
"Lokani",2,2014-04-01,0
"DeskGod",2,2014-04-01,3
"iubenda",94,2014-03-31,8
"Teamstory",57,2014-03-31,3
"Product Hunt Tees",56,2014-03-31,4
"Sell Hack",33,2014-03-31,17
"Assistant",29,2014-03-31,8
"The PM Toolkit",22,2014-03-31,3
"Testlio",19,2014-03-31,2
"Bring in the Nerds!",16,2014-03-31,4
"Sector Explorer",12,2014-03-31,2
"IXD Checklist",11,2014-03-31,2
"Xero",10,2014-03-31,1
"SkipLagged",10,2014-03-31,6
"Checker Plus- Gmail",10,2014-03-31,5
"Grove Labs",9,2014-03-31,2
"PixelFold",7,2014-03-31,0
"Pochade",7,2014-03-31,1
"Lingvist",6,2014-03-31,0
"Yossarianlives",6,2014-03-31,2
"UberConference iOS",5,2014-03-31,5
"RAW",5,2014-03-31,0
"Bento",4,2014-03-31,0
"BeHere (iOS)",4,2014-03-31,0
"Mapfight",4,2014-03-31,0
"Shared Groups",4,2014-03-31,3
"SpreadSheets App",4,2014-03-31,1
"Type Connection",3,2014-03-31,0
"Classpass",3,2014-03-31,0
"Alice by Couple",2,2014-03-31,2
"Gmail Shelfie ",2,2014-03-31,2
"Turtl",2,2014-03-31,0
"Qualaroo",27,2014-03-30,3
"Z-Type",23,2014-03-30,7
"Numerical",10,2014-03-30,2
"Birdi",9,2014-03-30,2
"WikiPearl",9,2014-03-30,1
"AGOGO",4,2014-03-30,3
"Crowdmull",4,2014-03-30,3
"Break Up Box",3,2014-03-30,0
"Cognitive Lode",91,2014-03-29,11
"Tower",18,2014-03-29,10
"Routific",16,2014-03-29,1
"postach.io",15,2014-03-29,1
"Framer",14,2014-03-29,5
"Starfighter",10,2014-03-29,3
"TypeRacer",7,2014-03-29,1
"Cloudability",6,2014-03-29,0
"Taxee",4,2014-03-29,0
"Boomf",53,2014-03-28,27
"Perch",41,2014-03-28,9
"Stride Health",27,2014-03-28,5
"Prss",25,2014-03-28,1
"Magneto",21,2014-03-28,1
"The Scoop",20,2014-03-28,1
"Inside.co",19,2014-03-28,6
"Pacemaker",18,2014-03-28,6
"The Tech Block",18,2014-03-28,5
"DeDesign the Web",16,2014-03-28,5
"Flux",9,2014-03-28,4
"ReferenceME",8,2014-03-28,1
"Kitestring",8,2014-03-28,6
"PencilCase",7,2014-03-28,0
"Tact",6,2014-03-28,4
"Safe",6,2014-03-28,0
"Conyac",5,2014-03-28,1
"Beautified",4,2014-03-28,0
"Btapp.js",4,2014-03-28,0
"Goat Simulator",3,2014-03-28,3
"HackerNews Tab",3,2014-03-28,2
"Internet.org",3,2014-03-28,0
"TRVL",2,2014-03-28,0
"Fancal",1,2014-03-28,3
"RescueTime",58,2014-03-27,11
"Pushbullet",42,2014-03-27,4
"Wu-Tang's New Album",35,2014-03-27,8
"SumoMe.com",34,2014-03-27,22
"XY",22,2014-03-27,5
"Followr",21,2014-03-27,2
"Prinstagram",20,2014-03-27,6
"Organigr.am",17,2014-03-27,1
"Clubz",14,2014-03-27,1
"Cobook",13,2014-03-27,3
"Lookback",12,2014-03-27,1
"Glyphicons",8,2014-03-27,0
"SellAFile",7,2014-03-27,2
"Office for iPad",7,2014-03-27,0
"Big Board",6,2014-03-27,0
"Memoir",6,2014-03-27,1
"Vitamin-R",5,2014-03-27,3
"GAME Golf",5,2014-03-27,4
"Tapestry 3.0",5,2014-03-27,1
"Bookshare",3,2014-03-27,0
"Skybox",3,2014-03-27,1
"Woovent",115,2014-03-26,7
"Really Good Emails",94,2014-03-26,15
"Patatap",33,2014-03-26,4
"Stand In",31,2014-03-26,1
"HelloSign",28,2014-03-26,3
"TimelineJS",26,2014-03-26,1
"ZootRock",24,2014-03-26,9
"Spinnakr",23,2014-03-26,2
"Tag",12,2014-03-26,1
"x-ii",10,2014-03-26,3
"Boostable",8,2014-03-26,0
"Statwing",8,2014-03-26,0
"Get Kudos",8,2014-03-26,0
"CoSchedule",8,2014-03-26,4
"Dribbbox",7,2014-03-26,0
"Easel",7,2014-03-26,0
"Datanitro",7,2014-03-26,0
"BlinkMail",5,2014-03-26,4
"Split",5,2014-03-26,5
"WhenItsGoneItsGone",5,2014-03-26,0
"Kanga",4,2014-03-26,1
"Telemotiv",4,2014-03-26,2
"Riffsy",3,2014-03-26,0
"Mojio",3,2014-03-26,0
"Groove",3,2014-03-26,0
"RelSci",2,2014-03-26,0
"Augur.io",68,2014-03-25,7
"2by2",67,2014-03-25,12
"Segment.io",57,2014-03-25,5
"Rapt",42,2014-03-25,15
"Subjective-C",42,2014-03-25,3
"PipeDrive",39,2014-03-25,6
"Boomerang for Gmail",31,2014-03-25,10
"Kandu",17,2014-03-25,5
"Gleam.io",17,2014-03-25,4
"Sockscribe",16,2014-03-25,9
"Picturelife",13,2014-03-25,1
"Signals (iOS app)",12,2014-03-25,2
"Prismic",12,2014-03-25,2
"BaseRails",10,2014-03-25,3
"Trontium Reactor",10,2014-03-25,3
"Rumr App",9,2014-03-25,3
"Hi",9,2014-03-25,2
"Google Web Designer",8,2014-03-25,1
"DeadC",8,2014-03-25,2
"Velositey",8,2014-03-25,0
"Next Caller",7,2014-03-25,2
"42",7,2014-03-25,0
"Fountain Greetings",7,2014-03-25,1
"Popular Pays",4,2014-03-25,2
"ChocaByte",4,2014-03-25,2
"ethnio",2,2014-03-25,0
"Emissary",86,2014-03-24,16
"Povio",82,2014-03-24,7
"BatteryBox",67,2014-03-24,2
"Shelby",34,2014-03-24,5
"The Great Suspender",32,2014-03-24,5
"Shipwire",31,2014-03-24,5
"Noora Health",18,2014-03-24,0
"Landlord",15,2014-03-24,3
"Bucketlistly",14,2014-03-24,0
"Wolfram Language",13,2014-03-24,0
"Mailtracker",11,2014-03-24,0
"PublicBeta",10,2014-03-24,5
"Lamplighter",10,2014-03-24,3
"Lyst",10,2014-03-24,1
"WriteTheScene",8,2014-03-24,3
"Tech Block",8,2014-03-24,0
"Open Loans Project",7,2014-03-24,3
"Cryptsy",7,2014-03-24,0
"Wharfie",6,2014-03-24,3
"Ubiq",6,2014-03-24,5
"ZeroBlock",6,2014-03-24,0
"MergePay",6,2014-03-24,2
"AppEnlight",6,2014-03-24,2
"Hood Honcho",3,2014-03-24,0
"Eat in my seat",2,2014-03-24,0
"Grantoo",2,2014-03-24,2
"PadiTrack",2,2014-03-24,0
"MenuPad",1,2014-03-24,0
"Rufus Cuff",1,2014-03-24,1
"GoodUI",110,2014-03-23,10
"Contently",20,2014-03-23,4
"Link Bubble",17,2014-03-23,3
"Sauce",16,2014-03-23,2
"Quotery",14,2014-03-23,2
"Skyview",13,2014-03-23,0
"PostX",7,2014-03-23,3
"Buggl",5,2014-03-23,0
"HeyLets",4,2014-03-23,2
"StackLead",62,2014-03-22,6
"Minutes.io",22,2014-03-22,1
"Outbounding",11,2014-03-22,3
"Loglr",9,2014-03-22,0
"Face to Gif",8,2014-03-22,3
"Onboarder",7,2014-03-22,1
"GraphTV",6,2014-03-22,1
"Iconic History",5,2014-03-22,0
"Ultibrush",4,2014-03-22,1
"spike",3,2014-03-22,2
"Typo Keyboard",2,2014-03-22,1
"Snip.ly",78,2014-03-21,8
"Design+code",51,2014-03-21,11
"IDoneThis",40,2014-03-21,9
"YesGraph",32,2014-03-21,8
"UpOut Insiders Club",31,2014-03-21,5
"RoomScan",24,2014-03-21,2
"SoundFlake",24,2014-03-21,2
"Habitclock",19,2014-03-21,2
"A Soft Murmur",12,2014-03-21,1
"Noisy",12,2014-03-21,0
"Salty",10,2014-03-21,0
"Snapwire",10,2014-03-21,0
"Title Capitalization",9,2014-03-21,1
"Placed ",8,2014-03-21,0
"Quip 1.7",8,2014-03-21,2
"Better Invoices",8,2014-03-21,1
"Boxer",7,2014-03-21,1
"PickFu",7,2014-03-21,1
"Vy",6,2014-03-21,1
"Ketchup",6,2014-03-21,6
"StudyPact",5,2014-03-21,1
"Encore Alert ",5,2014-03-21,2
"Storini",3,2014-03-21,1
"PS Dept",1,2014-03-21,0
"WelVU",1,2014-03-21,0
"Medium for iOS",69,2014-03-20,21
"GrowthHackers",68,2014-03-20,10
"Pricify",49,2014-03-20,4
"CodeCombat",37,2014-03-20,1
"Soma",36,2014-03-20,3
"Socialblood",29,2014-03-20,0
"GoodBits",26,2014-03-20,7
"Metromile",26,2014-03-20,3
"#FirstTweet",24,2014-03-20,4
"App Marketing Daily",22,2014-03-20,12
"FireChat",21,2014-03-20,8
"Invoice Ninja",18,2014-03-20,1
"Growth Hacker TV",12,2014-03-20,0
"Plans",11,2014-03-20,4
"Offsite Metrics",10,2014-03-20,0
"Newsbeat",9,2014-03-20,4
"Unsubscribe Button",8,2014-03-20,10
"DelightFul",7,2014-03-20,0
"News Genius",7,2014-03-20,3
"SmartyBrush",7,2014-03-20,2
"Report Garden",7,2014-03-20,0
"Showyou",7,2014-03-20,2
"Amazon Seller (iOS)",7,2014-03-20,4
"CodeGuard",7,2014-03-20,0
"eShares",6,2014-03-20,0
"Ola Mundo",5,2014-03-20,3
"Did (iOS)",5,2014-03-20,5
"SpotShare",5,2014-03-20,1
"Philosophers' Mail",3,2014-03-20,0
"Experiment Board",85,2014-03-19,14
"Seer",53,2014-03-19,10
"Hublo",44,2014-03-19,8
"Ellumia",36,2014-03-19,3
"Cover",30,2014-03-19,14
"Placeit Stages",28,2014-03-19,2
"Near Me ",28,2014-03-19,5
"DocSend",23,2014-03-19,7
"Automatic",20,2014-03-19,1
"Harmonia",19,2014-03-19,5
"Timeful",15,2014-03-19,8
"Attensee",13,2014-03-19,1
"GoodFor",13,2014-03-19,3
"SubTask",12,2014-03-19,1
"SoundDrown",11,2014-03-19,9
"Click Share Love",10,2014-03-19,8
"AltSchool",10,2014-03-19,0
"Change",9,2014-03-19,0
"Aros",8,2014-03-19,0
"Remote Interview",6,2014-03-19,0
"Flappy 2048",5,2014-03-19,0
"Trumaker",5,2014-03-19,7
"LifePrint",5,2014-03-19,0
"Threadable",5,2014-03-19,2
"Gif | Remixer",5,2014-03-19,5
"Fleep",4,2014-03-19,2
"Couch Commerce",4,2014-03-19,2
"Think Gaming",2,2014-03-19,0
"Grateful For",2,2014-03-19,2
"Puush",2,2014-03-19,4
"Choozle",1,2014-03-19,0
"Social Lead Freak",1,2014-03-19,4
"Wispa",1,2014-03-19,0
"Kit CRM",98,2014-03-18,5
"GoChime",76,2014-03-18,6
"Product Hunter ",76,2014-03-18,17
"TrustLeaf",29,2014-03-18,4
"Crunchinator",25,2014-03-18,2
"Imitone",25,2014-03-18,5
"PaperKarma",23,2014-03-18,8
"Moto 360",19,2014-03-18,5
"PCell",17,2014-03-18,1
"Swifty",17,2014-03-18,4
"Nuzzel",13,2014-03-18,2
"Fontastic",12,2014-03-18,1
"favics",8,2014-03-18,5
"ListGeek",7,2014-03-18,2
"Sesame Ring",6,2014-03-18,1
"Savvyroo",5,2014-03-18,3
"DockPlayer",5,2014-03-18,2
"SkiftIQ",4,2014-03-18,0
"Bubble",4,2014-03-18,1
"CoinsManager",4,2014-03-18,0
"StreetHub",4,2014-03-18,0
"Owegoo",3,2014-03-18,0
"Product Hunt Search",164,2014-03-17,13
"Mod Notebooks",61,2014-03-17,14
"FiveThirtyEight",52,2014-03-17,5
"Keego",26,2014-03-17,3
"Yabbly",25,2014-03-17,6
"Jott",24,2014-03-17,3
"OneNote for Mac",16,2014-03-17,1
"PricingAssistant",16,2014-03-17,3
"Prerender",14,2014-03-17,1
"FlikStak",14,2014-03-17,2
"Cinematico",13,2014-03-17,6
"Cloak (iOS)",11,2014-03-17,3
"Searchifi",11,2014-03-17,3
"Doge 2048",9,2014-03-17,3
"Likeastore",8,2014-03-17,1
"Upsight",8,2014-03-17,3
"WP Curve",8,2014-03-17,2
"Microlancer",8,2014-03-17,1
"ThatCleanLife",7,2014-03-17,4
"Boxfish",5,2014-03-17,2
"Lootsy",4,2014-03-17,0
"Polymer",4,2014-03-17,0
"FlyCleaners",3,2014-03-17,0
"SignEasy",3,2014-03-17,0
"Workspace on Demand",2,2014-03-17,0
"Deskhop",1,2014-03-17,0
"Cosy",1,2014-03-17,0
"Swiftly",32,2014-03-16,4
"Breakr",17,2014-03-16,8
"Hopscotch",15,2014-03-16,1
"Aeromobil",14,2014-03-16,2
"Boomerang.io",9,2014-03-16,1
"GitPrint",9,2014-03-16,1
"Click",7,2014-03-16,9
"LithiumCard",7,2014-03-16,1
"Groove (iOS)",3,2014-03-16,0
"Reflector",47,2014-03-15,8
"Brick",22,2014-03-15,0
"Blippar",8,2014-03-15,1
"Suru (iOS)",4,2014-03-15,0
"Bunkr",86,2014-03-14,10
"Awesome Talk",62,2014-03-14,11
"Interviewly",32,2014-03-14,4
"Cardboard Desk",21,2014-03-14,4
"Pono",13,2014-03-14,0
"Drync",12,2014-03-14,2
"Made in the Future",12,2014-03-14,1
"Splash",11,2014-03-14,1
"Dialog",9,2014-03-14,3
"Rbutr",5,2014-03-14,0
"Wine Folly",5,2014-03-14,0
"Techogym",5,2014-03-14,2
"Wonder",4,2014-03-14,0
"Contatta",3,2014-03-14,1
"Lively",3,2014-03-14,0
"Pitch Envy",65,2014-03-13,6
"Scraping for Growth",27,2014-03-13,7
"Surface 604 Element",23,2014-03-13,3
"Tomnod",22,2014-03-13,2
"Sentieo",22,2014-03-13,1
"Scrivener",22,2014-03-13,9
"Pixelcasts",19,2014-03-13,3
"Sleepasaurus",17,2014-03-13,7
"BlueVine",15,2014-03-13,7
"Memeoirs",14,2014-03-13,5
"Gauzy",13,2014-03-13,1
"Fundable",12,2014-03-13,5
"Healbe",10,2014-03-13,4
"Mover",10,2014-03-13,2
"HMTMAA",8,2014-03-13,1
"Cyber Dust",8,2014-03-13,1
"Evolero",6,2014-03-13,3
"Wishpond",4,2014-03-13,0
"NewHive",2,2014-03-13,0
"Squirt",62,2014-03-12,18
"Sendy",52,2014-03-12,7
"Yesware",25,2014-03-12,2
"Twibfy",21,2014-03-12,5
"Case Text",15,2014-03-12,4
"Hello Doctor",14,2014-03-12,1
"Ghostery",14,2014-03-12,4
"Codiqa for Desktop",14,2014-03-12,2
"Babel Mail",12,2014-03-12,8
"Paperhouses",11,2014-03-12,1
"On-the-go",8,2014-03-12,2
"Medium Embeds",8,2014-03-12,1
"Starting",8,2014-03-12,2
"Swipe.to",7,2014-03-12,0
"Run an Empire",7,2014-03-12,2
"Trak",7,2014-03-12,1
"Chainy",7,2014-03-12,0
"Klooff",4,2014-03-12,2
"V",4,2014-03-12,2
"Rent Post",3,2014-03-12,0
"TajTunes",2,2014-03-12,2
"Footmarks",2,2014-03-12,1
"Cloudmagic",58,2014-03-11,3
"2048",50,2014-03-11,10
"Luna for iOS",42,2014-03-11,8
"WPnom",35,2014-03-11,1
"Fundbox",35,2014-03-11,5
"Learn to Hustle",22,2014-03-11,5
"Truth",22,2014-03-11,5
"Glyphter",15,2014-03-11,0
"TL;DR",14,2014-03-11,1
"CloudCat",11,2014-03-11,0
"IntentDo",10,2014-03-11,9
"Hulimail",9,2014-03-11,12
"Labcase",8,2014-03-11,2
"Appcrawlr.com",5,2014-03-11,0
"Checkmark 2",3,2014-03-11,2
"Flow App",3,2014-03-11,1
"Corona Cards",2,2014-03-11,0
"Aircall",115,2014-03-10,25
"tl;drLegal",33,2014-03-10,1
"Kippt",21,2014-03-10,5
"OneName",19,2014-03-10,7
"Lowdown",19,2014-03-10,10
"AE Touch Gestures",18,2014-03-10,3
"Product Launches",17,2014-03-10,4
"FlyWheel",11,2014-03-10,1
"Troubleshooting CSS",10,2014-03-10,0
"TheNeeds",10,2014-03-10,5
"Notism",9,2014-03-10,4
"Talk.gg",3,2014-03-10,0
"Ultimate Music Toy",2,2014-03-10,0
"Sonical",1,2014-03-10,0
"Blonk",43,2014-03-09,19
"Commando.io",16,2014-03-09,6
"bright.tips",10,2014-03-09,4
"WikiWalker",9,2014-03-09,2
"Little Ipsum",9,2014-03-09,4
"app.itize.us",46,2014-03-08,9
"Microcosm",23,2014-03-08,0
"Hunie",17,2014-03-08,7
"uiNames",16,2014-03-08,2
"Snack",14,2014-03-08,6
"SleepCycle",12,2014-03-08,2
"Inbox Pause",11,2014-03-08,3
"AppCodes",9,2014-03-08,0
"Pullist",7,2014-03-08,6
"Hooops",2,2014-03-08,0
"Placescore",2,2014-03-08,0
"Dabkick",1,2014-03-08,2
"StyleLend",63,2014-03-07,8
"Experiment.com",43,2014-03-07,12
"Notabli",33,2014-03-07,18
"Lovely",23,2014-03-07,0
"Flawk",22,2014-03-07,5
"UpTo",21,2014-03-07,4
"Animatron",18,2014-03-07,2
"Bulletproof Email",17,2014-03-07,2
"Wake & Smell Bacon",16,2014-03-07,1
"Facebox",13,2014-03-07,5
"Softwheel",10,2014-03-07,2
"Newsify",9,2014-03-07,1
"Bistro",8,2014-03-07,1
"Chalkfly",8,2014-03-07,1
"Yellow",7,2014-03-07,3
"partyDOWN",7,2014-03-07,0
"Blocks",6,2014-03-07,0
"Stance Socks",5,2014-03-07,3
"PunchTab",5,2014-03-07,4
"Reveal",4,2014-03-07,0
"hire@sxsw",3,2014-03-07,0
"3DLT Storefront",3,2014-03-07,0
"Life Graphy",3,2014-03-07,1
"Move Loot",115,2014-03-06,8
"AirHelp",100,2014-03-06,7
"Tickle",61,2014-03-06,15
"Under The Hundred",28,2014-03-06,3
"Wello",24,2014-03-06,5
"Wehicle",23,2014-03-06,7
"Xplode",21,2014-03-06,6
"Lettuce",19,2014-03-06,2
"Charlie App",18,2014-03-06,5
"Smile Always",17,2014-03-06,4
"Chartspree",13,2014-03-06,0
"PerkHub",13,2014-03-06,3
"uiFaces",12,2014-03-06,3
"Bowery ",12,2014-03-06,1
"Unmarkit",12,2014-03-06,2
"Livr",11,2014-03-06,9
"UP Coffee",11,2014-03-06,0
"Get User Talk",11,2014-03-06,2
"Balanced",10,2014-03-06,3
"Dringend",9,2014-03-06,2
"Piwik",9,2014-03-06,1
"Later",8,2014-03-06,1
"Recess",7,2014-03-06,0
"Daatch",7,2014-03-06,2
"Banter",6,2014-03-06,2
"Crossfade for iOS ",5,2014-03-06,2
"Mini Metro",5,2014-03-06,6
"Postcard",5,2014-03-06,0
"Trippy (relaunched)",5,2014-03-06,2
"Findery",3,2014-03-06,1
"iSee5C",2,2014-03-06,0
"Glow",2,2014-03-06,2
"BuzzBuzzHome",1,2014-03-06,0
"RentHackr",104,2014-03-05,12
"ListenLoop",103,2014-03-05,9
"Mention for IOS",76,2014-03-05,9
"Img.ly",40,2014-03-05,2
"HelpScout",30,2014-03-05,6
"Exist",28,2014-03-05,6
"Howwlr",26,2014-03-05,8
"Laun.ch",25,2014-03-05,7
"Play-i",20,2014-03-05,1
"Space Box",17,2014-03-05,3
"Volley",15,2014-03-05,8
"Stripe: Checkout",13,2014-03-05,2
"OpenSpritz",11,2014-03-05,2
"Instapush",11,2014-03-05,2
"delete.im",10,2014-03-05,1
"EventbriteSeatDesign",9,2014-03-05,1
"Kunerango",8,2014-03-05,0
"Softcover",6,2014-03-05,0
"Pushover",6,2014-03-05,1
"BambooHR",6,2014-03-05,3
"GumPress",5,2014-03-05,0
"Tidy",5,2014-03-05,0
"Lumo",5,2014-03-05,1
"Glyphr",4,2014-03-05,0
"Circuit Stickers",4,2014-03-05,0
"TrenDemon",4,2014-03-05,2
"Ripple",3,2014-03-05,2
"LittleBorrowedDress",3,2014-03-05,0
"ASAP54",3,2014-03-05,2
"Snocru",3,2014-03-05,0
"Dumbstruck",1,2014-03-05,0
"Rooster",1,2014-03-05,0
"Wajam VPN",1,2014-03-05,1
"Hire My Friend ",106,2014-03-04,9
"Product Hunt Search",78,2014-03-04,16
"Camperoo",47,2014-03-04,4
"Medlio",42,2014-03-04,10
"Flyr",37,2014-03-04,10
"Site44",25,2014-03-04,2
"Vice News",16,2014-03-04,0
"Primeloop",15,2014-03-04,11
"Tripoto",14,2014-03-04,0
"Huvr",13,2014-03-04,7
"Compressed",11,2014-03-04,3
"proved.",10,2014-03-04,1
"Drop",9,2014-03-04,1
"Github Pages",8,2014-03-04,1
"WorkingOn",8,2014-03-04,4
"Tinkercoin",8,2014-03-04,9
"HomeHero",8,2014-03-04,2
"Nymi",7,2014-03-04,1
"Findings",7,2014-03-04,3
"ROIKOI",7,2014-03-04,5
"Iconic",6,2014-03-04,0
"Roku Streaming Stick",6,2014-03-04,0
"Scriptogram",6,2014-03-04,3
"Teamwork",4,2014-03-04,2
"Heart Rate",4,2014-03-04,1
"Gumbo",4,2014-03-04,1
"Cone",4,2014-03-04,4
"Peekster",4,2014-03-04,0
"Milkster",4,2014-03-04,1
"Memebox",2,2014-03-04,0
"Crowdbase",2,2014-03-04,0
"Apple CarPlay",78,2014-03-03,16
"Transparent Textures",37,2014-03-03,2
"Other Inbox",29,2014-03-03,2
"Little Big Details",27,2014-03-03,5
"Neckbeard Republic",23,2014-03-03,6
"Zapier Email Parser",21,2014-03-03,2
"Steller",19,2014-03-03,7
"The Walk",19,2014-03-03,1
"Airpnp",18,2014-03-03,5
"MyCuteFriend",18,2014-03-03,11
"Mist",13,2014-03-03,0
"Delectable",9,2014-03-03,2
"Craftsman Ave",9,2014-03-03,0
"Vivino",8,2014-03-03,3
"BayKegs",8,2014-03-03,4
"Sketch Mirror",7,2014-03-03,1
"Premise",7,2014-03-03,1
"Font Prep",7,2014-03-03,1
"Teevy",7,2014-03-03,5
"Credible",7,2014-03-03,1
"Smartcar",5,2014-03-03,1
"Buttercoin",5,2014-03-03,0
"Qello",2,2014-03-03,1
"My Last Vid",2,2014-03-03,0
"Anonyfish",22,2014-03-02,3
"Financial Model",17,2014-03-02,2
"Sumall",13,2014-03-02,0
"Hum",11,2014-03-02,2
"BOOST",11,2014-03-02,0
"The Roost",8,2014-03-02,1
"Plotter",6,2014-03-02,0
"Offgarden",5,2014-03-02,4
"Cryptocat",4,2014-03-02,0
"SaaSClub",52,2014-03-01,10
"Type Finder",31,2014-03-01,3
"Be My Eyes",21,2014-03-01,4
"SaaS FM",15,2014-03-01,0
"LendUp",13,2014-03-01,1
"App Developer Atlas",12,2014-03-01,1
"LICEcap",11,2014-03-01,3
"Cuddle Clones",10,2014-03-01,4
"Uploadist",8,2014-03-01,6
"Rental Kharma",6,2014-03-01,1
"Evolve",4,2014-03-01,0
"nwplying",3,2014-03-01,1
"Fliplet",1,2014-03-01,0
"Happily",1,2014-03-01,0
"Front",103,2014-02-28,13
"Popcorn Time",85,2014-02-28,15
"Iterable",53,2014-02-28,11
"Yerdle",40,2014-02-28,1
"UsabilityHub",33,2014-02-28,4
"Wall Street Survivor",22,2014-02-28,1
"7 Cups of Tea",18,2014-02-28,1
"Dragdis",17,2014-02-28,3
"Inkshares",17,2014-02-28,8
"Txto",13,2014-02-28,1
"Speech4Good",13,2014-02-28,1
"Flowdock",10,2014-02-28,2
"Cloudwash",9,2014-02-28,0
"Elixr",9,2014-02-28,0
"Chui",8,2014-02-28,1
"BodBot",7,2014-02-28,2
"TrackDuck",6,2014-02-28,0
"Founder Equity",5,2014-02-28,4
"KickSend",4,2014-02-28,0
"CamMe",2,2014-02-28,1
"Cloud Unicorn",2,2014-02-28,6
"Connect for iPhone",90,2014-02-27,16
"OneTab",60,2014-02-27,5
"Reme.io",45,2014-02-27,6
"Loot Crate",37,2014-02-27,4
"Coed Supply",30,2014-02-27,22
"Does Follow",24,2014-02-27,2
"Frameri",20,2014-02-27,1
"ReBump",19,2014-02-27,1
"Mou",19,2014-02-27,0
"TheTake",16,2014-02-27,2
"Moov",12,2014-02-27,3
"Paytagz",8,2014-02-27,3
"LoungeBuddy",7,2014-02-27,0
"Outernet",7,2014-02-27,0
"Skala",7,2014-02-27,0
"Change Tip",7,2014-02-27,3
"SquareOne Mail",6,2014-02-27,0
"Documents 5",4,2014-02-27,0
"Chatwala",4,2014-02-27,1
"UNICEF Tap Project",4,2014-02-27,0
"Thermodo",3,2014-02-27,1
"Tab Cloud",2,2014-02-27,1
"What Theme",96,2014-02-26,14
"Close.io â Sales CRM",60,2014-02-26,9
"Panda",50,2014-02-26,5
"Sprintz",50,2014-02-26,13
"Followup",49,2014-02-26,6
"Bawte",41,2014-02-26,2
"Opternative",35,2014-02-26,3
"Density",28,2014-02-26,2
"Parsly",27,2014-02-26,13
"wikibrains",21,2014-02-26,3
"Atom",19,2014-02-26,1
"SupperShare",18,2014-02-26,6
"Pagesnap",18,2014-02-26,4
"Text It",17,2014-02-26,4
"Iconjar",16,2014-02-26,0
"Brands of the World",16,2014-02-26,1
"Ribbon",15,2014-02-26,3
"SocialRadar",15,2014-02-26,5
"TinyHardwareFirewall",14,2014-02-26,1
"Connect",12,2014-02-26,3
"Wise",11,2014-02-26,6
"FG Press",9,2014-02-26,3
"OkHello ",9,2014-02-26,5
"Boxbee",9,2014-02-26,2
"Same.io",8,2014-02-26,0
"Stream Web",7,2014-02-26,1
"Pasteboard",7,2014-02-26,0
"Cortex",7,2014-02-26,2
"Bite Labs",7,2014-02-26,2
"Bounce Exchange",6,2014-02-26,4
"Briibe",6,2014-02-26,1
"Renderly",6,2014-02-26,0
"Pow Wow",3,2014-02-26,2
"Quarterly",3,2014-02-26,3
"Mural.ly",2,2014-02-26,0
"CrowdHall",2,2014-02-26,2
"Pawly",2,2014-02-26,4
"Bex.io",1,2014-02-26,1
"CrowdWatch",1,2014-02-26,1
"Recordit",131,2014-02-25,9
"SocialRank",49,2014-02-25,16
"Breather (iOS)",38,2014-02-25,9
"Color",33,2014-02-25,5
"Loop",33,2014-02-25,5
"HunterData",32,2014-02-25,6
"Ps for UI Design",22,2014-02-25,6
"Seene",20,2014-02-25,3
"Formspree",19,2014-02-25,3
"Rock Your Block",15,2014-02-25,1
"Just Mayo",14,2014-02-25,7
"BlackPhone",10,2014-02-25,0
"Mixio",9,2014-02-25,1
"PocketSuite",8,2014-02-25,3
"Smart Parking",8,2014-02-25,1
"Cotap",7,2014-02-25,1
"Hopscotch",7,2014-02-25,1
"Equaldex",7,2014-02-25,3
"NoonSwoon",6,2014-02-25,2
"Currently",5,2014-02-25,1
"QPlay",5,2014-02-25,1
"Moodstocks",5,2014-02-25,0
"Wickr",4,2014-02-25,1
"PhotoFeeler",3,2014-02-25,3
"PDF Squeezer",3,2014-02-25,0
"BloombergView",2,2014-02-25,3
"Feedbag",70,2014-02-24,7
"Facefeed",52,2014-02-24,14
"Dapper",35,2014-02-24,10
"Lifetramp",26,2014-02-24,1
"iTerm2",25,2014-02-24,2
"Dewey",24,2014-02-24,0
"Muber",22,2014-02-24,3
"Mocky",18,2014-02-24,2
"DOZ",16,2014-02-24,0
"The Black Tux",14,2014-02-24,4
"RealPlayer Cloud",11,2014-02-24,2
"Pixel Press",11,2014-02-24,0
"Rivalfox",9,2014-02-24,2
"Bike Spike",9,2014-02-24,8
"Pelaton Cycle",7,2014-02-24,1
"Subbable",7,2014-02-24,4
"Heat Sync",7,2014-02-24,0
"CallLoop",6,2014-02-24,0
"Hightower",4,2014-02-24,0
"Faded",3,2014-02-24,0
"Null Refer",2,2014-02-24,0
"Continuuity",2,2014-02-24,0
"RealtyShares",34,2014-02-23,2
"750 Words",29,2014-02-23,2
"BroApp",20,2014-02-23,4
"Paw 2",12,2014-02-23,0
"Cuff",9,2014-02-23,1
"Romeo Delivers",5,2014-02-23,1
"Telegram Messenger",41,2014-02-22,6
"Ambition",23,2014-02-22,2
"Pleygo",16,2014-02-22,3
"99dresses",7,2014-02-22,0
"Lock",6,2014-02-22,7
"LEBLOX",4,2014-02-22,4
"Partender",121,2014-02-21,14
"Selfie Ticket",57,2014-02-21,2
"CrowdtiltOpen",34,2014-02-21,5
"Fictiv",21,2014-02-21,0
"Base",13,2014-02-21,0
"Preact",13,2014-02-21,2
"Empatica",13,2014-02-21,2
"Gobble",11,2014-02-21,0
"Looky",11,2014-02-21,3
"Two Tap",10,2014-02-21,0
"Sammy Screamer",8,2014-02-21,1
"Vidless",8,2014-02-21,5
"Mashape API Platform",8,2014-02-21,0
"Wonder",7,2014-02-21,0
"Pi",6,2014-02-21,3
"Ukky",6,2014-02-21,6
"CapRally",4,2014-02-21,1
"Trusper",3,2014-02-21,0
"Sling Bot ",68,2014-02-20,13
"Adioso",46,2014-02-20,7
"Tactics Cloud",29,2014-02-20,4
"Litmus",23,2014-02-20,0
"Acompli",20,2014-02-20,0
"Melon",20,2014-02-20,4
"Slant",19,2014-02-20,6
"RotoRaider",16,2014-02-20,3
"Momentum Machines",12,2014-02-20,7
"Kirby",10,2014-02-20,0
"Noon Pacific",9,2014-02-20,2
"Bizpora",9,2014-02-20,5
"Twisper",7,2014-02-20,0
"CoinBase",6,2014-02-20,0
"Coingram",4,2014-02-20,0
"Samba",4,2014-02-20,4
"WorldWize",4,2014-02-20,0
"TradeGecko",3,2014-02-20,0
"Fawn",3,2014-02-20,0
"Notedock",3,2014-02-20,7
"HelloFlo",2,2014-02-20,1
"Winkdex",2,2014-02-20,0
"RideLinq",2,2014-02-20,0
"Tray.io",68,2014-02-19,11
"CycleIO",58,2014-02-19,1
"Fleck (iOS)",40,2014-02-19,8
"HelloCar",37,2014-02-19,6
"LinkedIn Influencers",18,2014-02-19,10
"Giffffr",17,2014-02-19,1
"Course Report",15,2014-02-19,1
"Dropshare",14,2014-02-19,2
"Unstuck (iPad App)",11,2014-02-19,2
"Fresc",11,2014-02-19,1
"Yummly",8,2014-02-19,0
"Waygo ",8,2014-02-19,1
"Keepod",8,2014-02-19,4
"Yik Yak",6,2014-02-19,0
"Elevio",6,2014-02-19,3
"Chrrp",5,2014-02-19,3
"Voices",5,2014-02-19,1
"Dormi",4,2014-02-19,0
"Weave",4,2014-02-19,1
"Changers",3,2014-02-19,0
"Real Emoji",3,2014-02-19,1
"Flying Cyrus",2,2014-02-19,1
"Selfie360",1,2014-02-19,0
"Cozy",92,2014-02-18,9
"Eventjoy",59,2014-02-18,10
"Random User Gen.",43,2014-02-18,4
"Startup Legitimizer",37,2014-02-18,7
"Artify ",31,2014-02-18,6
"SpoonRocket",22,2014-02-18,8
"Thing Charger",21,2014-02-18,1
"Mail Merge",18,2014-02-18,2
"ICIS",15,2014-02-18,3
"BeneFit",14,2014-02-18,3
"Splice",13,2014-02-18,3
"Finally.io",11,2014-02-18,0
"Shopsy App ",8,2014-02-18,0
"Monday Calendar",6,2014-02-18,1
"LaunchTrack",5,2014-02-18,4
"orgStars",5,2014-02-18,9
"Reverb",3,2014-02-18,1
"Touristlink",3,2014-02-18,0
"Hack Hands",55,2014-02-17,3
"Canopy",53,2014-02-17,9
"GoEuro",28,2014-02-17,1
"Readymag",24,2014-02-17,7
"Pingendo",23,2014-02-17,1
"Echobox app ",15,2014-02-17,2
"Seasame Enable",15,2014-02-17,1
"Famo.us",13,2014-02-17,1
"solo.im",13,2014-02-17,3
"Mind Meld",11,2014-02-17,0
"HNDigest",9,2014-02-17,4
"Gridset",8,2014-02-17,1
"Aspectiva",6,2014-02-17,1
"Confr",5,2014-02-17,0
"10swc",4,2014-02-17,2
"Reveal",4,2014-02-17,0
"Keybase",3,2014-02-17,0
"Fog of World",3,2014-02-17,1
"Hacker News Search",23,2014-02-16,2
"AuthorMBA",14,2014-02-16,6
"French Girls",10,2014-02-16,5
"Pears",6,2014-02-16,1
"Algolia",139,2014-02-15,9
"Beatrix app",24,2014-02-15,5
"Helios",11,2014-02-15,1
"Hackernews push",9,2014-02-15,1
"Laundr",8,2014-02-15,0
"Marked 2",6,2014-02-15,5
"Bellabeat",75,2014-02-14,2
"UpCounsel",45,2014-02-14,5
"Media Toolkit",32,2014-02-14,1
"Hammerhead",16,2014-02-14,0
"Dynado",16,2014-02-14,1
"Lovematically",13,2014-02-14,7
"Filter8",12,2014-02-14,3
"Pop",12,2014-02-14,7
"Instapainting",11,2014-02-14,2
"Sosh",10,2014-02-14,0
"Bear & Bull",6,2014-02-14,0
"Rezhound",5,2014-02-14,2
"ProdThink",4,2014-02-14,0
"Medusah",2,2014-02-14,1
"CoverMe",1,2014-02-14,0
"Tipplii",1,2014-02-14,1
"Fl3ur",1,2014-02-14,1
"The Dating Ring",39,2014-02-13,7
"Crowd Clock",35,2014-02-13,5
"Prime",33,2014-02-13,18
"Tictail",33,2014-02-13,3
"Valentine's Dot Gov",30,2014-02-13,1
"Poolside Radio",24,2014-02-13,3
"Haiku Deck",23,2014-02-13,3
"Placemeter",19,2014-02-13,4
"Let's Pizza",18,2014-02-13,2
"SXSW by WillCall",14,2014-02-13,4
"Opprtunity",13,2014-02-13,1
"Emu",8,2014-02-13,1
"NextStep.io",8,2014-02-13,0
"Hike With Me",7,2014-02-13,5
"Crowdpilot",6,2014-02-13,2
"Storetime",5,2014-02-13,0
"Spincard",4,2014-02-13,9
"Hemmingway",105,2014-02-12,11
"Sketch Deck",99,2014-02-12,12
"Share As Image",71,2014-02-12,8
"Peek by UserTesting",58,2014-02-12,17
"Foundora",45,2014-02-12,4
"Betty",42,2014-02-12,10
"Panabee",29,2014-02-12,1
"HitTail ",27,2014-02-12,2
"Alphaworks",22,2014-02-12,6
"Cucumbertown",18,2014-02-12,9
"wit",13,2014-02-12,1
"AdsNative",13,2014-02-12,0
"Every Time Zone",12,2014-02-12,1
"FlapMMO",12,2014-02-12,4
"Kenvak",12,2014-02-12,1
"Lumio",10,2014-02-12,1
"Wireframe.cc",10,2014-02-12,0
"Clef",9,2014-02-12,0
"Homepolish",8,2014-02-12,1
"DataHero",7,2014-02-12,1
"See | Me",7,2014-02-12,2
"PayWithWallaby Glass",6,2014-02-12,0
"nameHUB",6,2014-02-12,1
"Octokan",5,2014-02-12,0
"Dug.js",5,2014-02-12,0
"Fake",5,2014-02-12,3
"Helium",4,2014-02-12,0
"Later",4,2014-02-12,0
"Pingpong",2,2014-02-12,0
"Flappy Bert",1,2014-02-12,2
"TrueVault",98,2014-02-11,3
"Mote.io",58,2014-02-11,4
"ManualViableProduct",42,2014-02-11,9
"Poncho",35,2014-02-11,11
"Glimpse",34,2014-02-11,10
"Focus",31,2014-02-11,5
"Threes!",20,2014-02-11,1
"CraigPhone",19,2014-02-11,3
"Space Monkey",15,2014-02-11,0
"Catalyze.io",15,2014-02-11,0
"SoHelpful",13,2014-02-11,3
"Notegraphy",12,2014-02-11,3
"Human",11,2014-02-11,4
"vLine",10,2014-02-11,0
"Bragi",9,2014-02-11,0
"Hoist",8,2014-02-11,1
"Flappy Bird (HTML5)",8,2014-02-11,0
"Spendee",8,2014-02-11,1
"Wizeline",8,2014-02-11,3
"Clinck",7,2014-02-11,0
"Wizard ",5,2014-02-11,0
"Qonqr",4,2014-02-11,1
"Drip",4,2014-02-11,3
"PolyFauna",3,2014-02-11,0
"Zapier",95,2014-02-10,11
"Hitlist",35,2014-02-10,8
"Emjoyment",23,2014-02-10,8
"EmailFinder",22,2014-02-10,6
"Dash",22,2014-02-10,11
"Chathouse",17,2014-02-10,3
"Furnish",16,2014-02-10,4
"CodePath",14,2014-02-10,3
"CodeSpeak",10,2014-02-10,3
"The Intercept",10,2014-02-10,4
"Mark One",5,2014-02-10,0
"Papertrail",5,2014-02-10,2
"Tools for Reporters",4,2014-02-10,7
"Iron Worker",4,2014-02-10,1
"Wander & Trade",3,2014-02-10,0
"Parachute Home",3,2014-02-10,0
"Water-Gen",3,2014-02-10,1
"Wireless Registry",2,2014-02-10,0
"Firefly",1,2014-02-10,0
"Main Street Genome",1,2014-02-10,1
"Geeky Sprinkles",1,2014-02-10,1
"Site Inspire",40,2014-02-09,5
"UserApp",16,2014-02-09,0
"Shamelessly",15,2014-02-09,1
"Fat Squirrel",10,2014-02-09,13
"XStat",31,2014-02-08,5
"Percolate",27,2014-02-08,1
"Ringly",23,2014-02-08,6
"Next Big Sound",16,2014-02-08,1
"Ultravisual",14,2014-02-08,2
"Tapes for Mac",14,2014-02-08,1
"Popcord",7,2014-02-08,0
